fold,train_start,train_end,test_start,test_end,n_train,n_test,p,d,q,trend,label,aic,bic,fit_seconds
0,1974-01-03,1974-12-31,1975-01-02,1975-01-31,252,22,0,1,1,n,"ARIMA(0,1,1)",-1457.182836208371,-1450.1319303301075,1.6031321249902248
1,1974-02-04,1975-01-31,1975-02-03,1975-02-28,252,19,0,1,1,n,"ARIMA(0,1,1)",-1453.176035705324,-1446.1251298270604,1.5110395830124617
2,1974-03-04,1975-02-28,1975-03-03,1975-03-31,252,20,0,1,1,n,"ARIMA(0,1,1)",-1448.5013292304388,-1441.4504233521752,1.35645808299887
3,1974-04-01,1975-03-31,1975-04-01,1975-04-30,252,22,0,1,1,n,"ARIMA(0,1,1)",-1445.1398568972486,-1438.088951018985,1.3204012500063982
4,1974-05-02,1975-04-30,1975-05-01,1975-05-30,252,21,2,1,1,n,"ARIMA(2,1,1)",-1444.8522809757485,-1430.7504692192213,1.522035332978703
5,1974-06-03,1975-05-30,1975-06-02,1975-06-30,252,21,0,1,1,n,"ARIMA(0,1,1)",-1445.912916414836,-1438.8620105365724,1.454581917001633
6,1974-07-02,1975-06-30,1975-07-01,1975-07-31,252,22,0,1,1,n,"ARIMA(0,1,1)",-1451.447153308412,-1444.3962474301484,1.03629550000187
7,1974-08-02,1975-07-31,1975-08-01,1975-08-29,252,21,0,1,1,n,"ARIMA(0,1,1)",-1470.2349247036818,-1463.1840188254182,1.2460829170013312
8,1974-09-03,1975-08-29,1975-09-02,1975-09-30,252,21,0,1,1,n,"ARIMA(0,1,1)",-1492.5373330516127,-1485.486427173349,1.758927874994697
9,1974-10-02,1975-09-30,1975-10-01,1975-10-31,252,23,0,1,1,n,"ARIMA(0,1,1)",-1523.5912368357324,-1516.5403309574688,1.4479909159999806
10,1974-11-04,1975-10-31,1975-11-03,1975-11-28,252,19,1,1,1,n,"ARIMA(1,1,1)",-1586.138869488842,-1575.5625106714465,1.6061628329916857
11,1974-12-02,1975-11-28,1975-12-01,1975-12-31,252,22,1,1,1,t,"ARIMA(1,1,1)+drift",-1625.712230443197,-1611.6104186866698,1.8271817500062753
12,1975-01-03,1975-12-31,1976-01-02,1976-01-30,252,21,1,1,1,n,"ARIMA(1,1,1)",-1637.5631552771672,-1626.9867964597718,1.1063408330082893
13,1975-02-03,1976-01-30,1976-02-02,1976-02-27,252,19,0,1,2,t,"ARIMA(0,1,2)+drift",-1654.0477152369558,-1639.9459034804286,1.2530691669962835
14,1975-03-03,1976-02-27,1976-03-01,1976-03-31,252,23,0,1,2,n,"ARIMA(0,1,2)",-1669.2417886165501,-1658.6654297991547,0.7871520000044256
15,1975-04-04,1976-03-31,1976-04-01,1976-04-30,252,21,0,1,2,t,"ARIMA(0,1,2)+drift",-1682.035250334035,-1667.9334385775078,0.9855190000089351
16,1975-05-05,1976-04-30,1976-05-03,1976-05-28,252,20,0,1,2,n,"ARIMA(0,1,2)",-1699.8282850976655,-1689.25192628027,1.5104821670101956
17,1975-06-03,1976-05-28,1976-06-01,1976-06-30,252,22,0,1,2,n,"ARIMA(0,1,2)",-1708.1871300544344,-1697.610771237039,0.8056907500140369
18,1975-07-03,1976-06-30,1976-07-01,1976-07-30,252,21,0,1,2,n,"ARIMA(0,1,2)",-1710.4700256197182,-1699.8936668023227,0.858257500018226
19,1975-08-04,1976-07-30,1976-08-02,1976-08-31,252,22,0,1,2,n,"ARIMA(0,1,2)",-1719.9073382596684,-1709.330979442273,1.0761434999876656
20,1975-09-04,1976-08-31,1976-09-01,1976-09-30,252,21,0,1,1,n,"ARIMA(0,1,1)",-1741.5244522332996,-1734.473546355036,0.9156423330132384
21,1975-10-03,1976-09-30,1976-10-01,1976-10-29,252,21,0,1,1,t,"ARIMA(0,1,1)+drift",-1772.3238899173407,-1761.7475310999453,1.3377729170024395
22,1975-11-03,1976-10-29,1976-11-01,1976-11-30,252,20,0,1,1,n,"ARIMA(0,1,1)",-1775.418505356175,-1768.3675994779114,0.8798030409961939
23,1975-12-02,1976-11-30,1976-12-01,1976-12-31,252,22,0,1,1,n,"ARIMA(0,1,1)",-1767.4640016314388,-1760.4130957531752,1.9855921249836683
24,1976-01-05,1976-12-31,1977-01-03,1977-01-31,252,21,3,1,3,n,"ARIMA(3,1,3)",-1785.6681106286865,-1760.989940054764,1.5565671249933075
25,1976-02-03,1977-01-31,1977-02-01,1977-02-28,252,19,2,1,2,t,"ARIMA(2,1,2)+drift",-1806.203451635651,-1785.0507340008603,1.408076332998462
26,1976-03-02,1977-02-28,1977-03-01,1977-03-31,252,23,0,1,1,n,"ARIMA(0,1,1)",-1825.1187527934337,-1818.06784691517,1.3021987919928506
27,1976-04-02,1977-03-31,1977-04-01,1977-04-29,252,20,1,1,0,n,"ARIMA(1,1,0)",-1839.9878817657177,-1832.936975887454,1.7853744169988204
28,1976-05-03,1977-04-29,1977-05-02,1977-05-31,252,21,1,1,0,n,"ARIMA(1,1,0)",-1841.3622424291143,-1834.3113365508507,0.9993033749924507
29,1976-06-02,1977-05-31,1977-06-01,1977-06-30,252,22,1,1,0,n,"ARIMA(1,1,0)",-1849.795868805156,-1842.7449629268924,1.274580249999417
30,1976-07-02,1977-06-30,1977-07-01,1977-07-29,252,19,1,1,0,n,"ARIMA(1,1,0)",-1860.3370218019522,-1853.2861159236886,0.9883737919735722
31,1976-07-30,1977-07-29,1977-08-01,1977-08-31,252,23,3,1,3,n,"ARIMA(3,1,3)",-1861.242765218818,-1836.5645946448956,1.3177948750089854
32,1976-09-01,1977-08-31,1977-09-01,1977-09-30,252,21,3,1,3,n,"ARIMA(3,1,3)",-1863.9941113564882,-1839.3159407825658,1.175087124982383
33,1976-10-01,1977-09-30,1977-10-03,1977-10-31,252,21,1,1,0,n,"ARIMA(1,1,0)",-1874.1447228961404,-1867.0938170178767,1.0583280839782674
34,1976-11-01,1977-10-31,1977-11-01,1977-11-30,252,21,1,1,0,n,"ARIMA(1,1,0)",-1890.0815285089589,-1883.0306226306952,1.7750614999968093
35,1976-12-02,1977-11-30,1977-12-01,1977-12-30,252,21,1,1,0,n,"ARIMA(1,1,0)",-1887.853516980238,-1880.8026111019744,1.0443505000148434
36,1977-01-03,1977-12-30,1978-01-03,1978-01-31,252,21,1,1,0,n,"ARIMA(1,1,0)",-1885.713053402872,-1878.6621475246084,1.5828405000211205
37,1977-02-01,1978-01-31,1978-02-01,1978-02-28,252,19,1,1,0,n,"ARIMA(1,1,0)",-1883.027425613799,-1875.9765197355355,0.9742898749827873
38,1977-03-01,1978-02-28,1978-03-01,1978-03-31,252,22,1,1,0,n,"ARIMA(1,1,0)",-1874.6216740198947,-1867.570768141631,1.2047880419995636
39,1977-03-31,1978-03-31,1978-04-03,1978-04-28,252,20,1,1,0,n,"ARIMA(1,1,0)",-1872.7592903905493,-1865.7083845122856,1.8843314590048976
40,1977-04-29,1978-04-28,1978-05-01,1978-05-31,252,22,1,1,0,n,"ARIMA(1,1,0)",-1851.1719213411488,-1844.1210154628852,1.3322902500221971
41,1977-06-01,1978-05-31,1978-06-01,1978-06-30,252,22,0,1,1,n,"ARIMA(0,1,1)",-1844.1640240341378,-1837.1131181558742,0.9750005840032827
42,1977-07-01,1978-06-30,1978-07-03,1978-07-31,252,20,0,1,1,n,"ARIMA(0,1,1)",-1836.4044094875394,-1829.3535036092758,1.088875540997833
43,1977-08-02,1978-07-31,1978-08-01,1978-08-31,252,23,0,1,1,n,"ARIMA(0,1,1)",-1830.386941494783,-1823.3360356165194,1.233570124983089
44,1977-09-02,1978-08-31,1978-09-01,1978-09-29,252,20,0,1,1,n,"ARIMA(0,1,1)",-1821.8540303267887,-1814.803124448525,1.3256630419928115
45,1977-10-03,1978-09-29,1978-10-02,1978-10-31,252,22,0,1,1,n,"ARIMA(0,1,1)",-1810.6962420769464,-1803.6453361986828,0.9776949590013828
46,1977-11-02,1978-10-31,1978-11-01,1978-11-30,252,21,3,1,0,n,"ARIMA(3,1,0)",-1786.753930127044,-1772.6521183705167,1.1427007080055773
47,1977-12-02,1978-11-30,1978-12-01,1978-12-29,252,20,2,1,0,n,"ARIMA(2,1,0)",-1734.611593876135,-1724.0352350587395,1.1801405829901341
48,1978-01-03,1978-12-29,1979-01-02,1979-01-31,252,22,1,1,0,n,"ARIMA(1,1,0)",-1719.5049524395301,-1712.4540465612665,0.9520599579846021
49,1978-02-02,1979-01-31,1979-02-01,1979-02-28,252,19,1,1,0,n,"ARIMA(1,1,0)",-1715.4766996017909,-1708.4257937235272,1.0544077090162318
50,1978-03-02,1979-02-28,1979-03-01,1979-03-30,252,22,1,1,0,n,"ARIMA(1,1,0)",-1712.0739686479662,-1705.0230627697026,1.0045698749891017
51,1978-04-04,1979-03-30,1979-04-02,1979-04-30,252,20,1,1,0,n,"ARIMA(1,1,0)",-1710.3767009643875,-1703.325795086124,1.0872223750047851
52,1978-05-02,1979-04-30,1979-05-01,1979-05-31,252,22,2,1,0,n,"ARIMA(2,1,0)",-1727.9770385234588,-1717.4006797060633,1.1903115830209572
53,1978-06-02,1979-05-31,1979-06-01,1979-06-29,252,21,1,1,3,n,"ARIMA(1,1,3)",-1729.7665540674232,-1712.1392893717643,1.876890084007755
54,1978-07-03,1979-06-29,1979-07-02,1979-07-31,252,21,0,1,2,n,"ARIMA(0,1,2)",-1736.8367768279627,-1726.2604180105673,1.331612625013804
55,1978-08-02,1979-07-31,1979-08-01,1979-08-31,252,23,0,1,0,n,"ARIMA(0,1,0)",-1747.0825986587938,-1743.557145719662,1.8570745420001913
56,1978-09-05,1979-08-31,1979-09-04,1979-09-28,252,19,0,1,2,n,"ARIMA(0,1,2)",-1748.7850279610298,-1738.2086691436343,1.2110239999892656
57,1978-10-02,1979-09-28,1979-10-01,1979-10-31,252,23,0,1,0,n,"ARIMA(0,1,0)",-1742.2811137385906,-1738.7556607994588,1.0541874580085278
58,1978-11-02,1979-10-31,1979-11-01,1979-11-30,252,21,2,1,0,n,"ARIMA(2,1,0)",-1771.8965951982955,-1761.3202363809,1.259024083003169
59,1978-12-04,1979-11-30,1979-12-03,1979-12-31,252,20,0,1,1,n,"ARIMA(0,1,1)",-1773.806001821994,-1766.7550959437303,1.7371974580164533
60,1979-01-03,1979-12-31,1980-01-02,1980-01-31,252,22,0,1,1,n,"ARIMA(0,1,1)",-1794.9462843171484,-1787.8953784388848,0.8063476659881417
61,1979-02-02,1980-01-31,1980-02-01,1980-02-29,252,20,0,1,1,n,"ARIMA(0,1,1)",-1770.6378621328795,-1763.5869562546159,1.697218667017296
62,1979-03-05,1980-02-29,1980-03-03,1980-03-31,252,21,0,1,0,n,"ARIMA(0,1,0)",-1750.6421778277145,-1747.1167248885827,1.4459644169837702
63,1979-04-03,1980-03-31,1980-04-01,1980-04-30,252,21,1,1,0,n,"ARIMA(1,1,0)",-1690.4682817247553,-1683.4173758464917,1.513706167024793
64,1979-05-03,1980-04-30,1980-05-01,1980-05-30,252,21,1,1,0,n,"ARIMA(1,1,0)",-1659.3748112432343,-1652.3239053649706,1.3246650839864742
65,1979-06-04,1980-05-30,1980-06-02,1980-06-30,252,21,1,1,0,n,"ARIMA(1,1,0)",-1651.901770006606,-1644.8508641283424,1.4610761250078212
66,1979-07-03,1980-06-30,1980-07-01,1980-07-31,252,22,1,1,0,n,"ARIMA(1,1,0)",-1643.0444471209678,-1635.9935412427042,1.67221195899765
67,1979-08-03,1980-07-31,1980-08-01,1980-08-29,252,21,1,1,0,n,"ARIMA(1,1,0)",-1634.3896998957425,-1627.338794017479,1.648344208020717
68,1979-09-04,1980-08-29,1980-09-02,1980-09-30,252,21,0,1,1,n,"ARIMA(0,1,1)",-1624.342102798446,-1617.2911969201823,1.1826798749971204
69,1979-10-03,1980-09-30,1980-10-01,1980-10-31,252,23,1,1,0,n,"ARIMA(1,1,0)",-1607.851198485459,-1600.8002926071954,1.3152005409938283
70,1979-11-05,1980-10-31,1980-11-03,1980-11-28,252,18,2,1,2,n,"ARIMA(2,1,2)",-1610.426268500636,-1592.7990038049772,1.5978390839882195
71,1979-11-30,1980-11-28,1980-12-01,1980-12-31,252,22,1,1,0,t,"ARIMA(1,1,0)+drift",-1601.7764343833271,-1591.2000755659317,1.7986339580093045
72,1980-01-03,1980-12-31,1981-01-02,1981-01-30,252,21,2,1,1,n,"ARIMA(2,1,1)",-1582.2436277839306,-1568.1418160274034,1.8464989999774843
73,1980-02-01,1981-01-30,1981-02-02,1981-02-27,252,19,1,1,0,n,"ARIMA(1,1,0)",-1582.9467898833893,-1575.8958840051257,1.4822907499910798
74,1980-02-29,1981-02-27,1981-03-02,1981-03-31,252,22,1,1,3,n,"ARIMA(1,1,3)",-1589.3578626735589,-1571.7305979779,1.8013105419813655
75,1980-04-01,1981-03-31,1981-04-01,1981-04-30,252,21,0,1,1,t,"ARIMA(0,1,1)+drift",-1611.1269924888225,-1600.550633671427,1.9187904999998864
76,1980-05-01,1981-04-30,1981-05-01,1981-05-29,252,20,0,1,1,n,"ARIMA(0,1,1)",-1631.8431041189187,-1624.7921982406551,1.1427276250033174
77,1980-05-30,1981-05-29,1981-06-01,1981-06-30,252,22,0,1,1,n,"ARIMA(0,1,1)",-1637.6382154500566,-1630.587309571793,1.1762149589776527
78,1980-07-01,1981-06-30,1981-07-01,1981-07-31,252,22,0,1,1,n,"ARIMA(0,1,1)",-1641.0661657462451,-1634.0152598679815,1.3907203749986365
79,1980-08-01,1981-07-31,1981-08-03,1981-08-31,252,21,1,1,0,n,"ARIMA(1,1,0)",-1643.7638714494342,-1636.7129655711706,1.1565288749989122
80,1980-09-02,1981-08-31,1981-09-01,1981-09-30,252,21,1,1,0,n,"ARIMA(1,1,0)",-1642.8737817391498,-1635.8228758608861,2.0095088750240393
81,1980-10-01,1981-09-30,1981-10-01,1981-10-30,252,22,2,1,2,n,"ARIMA(2,1,2)",-1644.6257197755033,-1626.9984550798445,1.9890204580151476
82,1980-10-31,1981-10-30,1981-11-02,1981-11-30,252,20,1,1,0,n,"ARIMA(1,1,0)",-1642.4153877740923,-1635.3644818958287,1.6570558749954216
83,1980-12-02,1981-11-30,1981-12-01,1981-12-31,252,22,1,1,0,n,"ARIMA(1,1,0)",-1661.2738598230937,-1654.2229539448301,1.7669865830102935
84,1981-01-05,1981-12-31,1982-01-04,1982-01-29,252,20,0,1,1,n,"ARIMA(0,1,1)",-1681.462622943337,-1674.4117170650734,1.2559638330130838
85,1981-02-02,1982-01-29,1982-02-01,1982-02-26,252,19,0,1,1,n,"ARIMA(0,1,1)",-1673.7174272035213,-1666.6665213252577,1.2594040410185698
86,1981-03-02,1982-02-26,1982-03-01,1982-03-31,252,23,0,1,0,n,"ARIMA(0,1,0)",-1661.6848621634965,-1658.1594092243647,1.560716332984157
87,1981-04-02,1982-03-31,1982-04-01,1982-04-30,252,21,0,1,1,n,"ARIMA(0,1,1)",-1666.7454954216196,-1659.694589543356,0.9697450420062523
88,1981-05-04,1982-04-30,1982-05-03,1982-05-28,252,20,0,1,1,n,"ARIMA(0,1,1)",-1664.7158360312235,-1657.6649301529599,1.0765640000172425
89,1981-06-02,1982-05-28,1982-06-01,1982-06-30,252,22,0,1,1,n,"ARIMA(0,1,1)",-1665.7397417091602,-1658.6888358308966,1.2625751660089009
90,1981-07-02,1982-06-30,1982-07-01,1982-07-30,252,21,0,1,1,n,"ARIMA(0,1,1)",-1660.9906889439546,-1653.939783065691,1.2794927080103662
91,1981-08-03,1982-07-30,1982-08-02,1982-08-31,252,22,0,1,1,n,"ARIMA(0,1,1)",-1662.152780868054,-1655.1018749897903,0.9752585829992313
92,1981-09-02,1982-08-31,1982-09-01,1982-09-30,252,21,0,1,1,n,"ARIMA(0,1,1)",-1611.2991355966697,-1604.248229718406,2.0111134579929058
93,1981-10-02,1982-09-30,1982-10-01,1982-10-29,252,21,3,1,3,n,"ARIMA(3,1,3)",-1624.154612337359,-1599.4764417634365,1.7582974999968428
94,1981-11-02,1982-10-29,1982-11-01,1982-11-30,252,21,3,1,0,n,"ARIMA(3,1,0)",-1580.5193150620398,-1566.4175033055126,1.4433437080006115
95,1981-12-02,1982-11-30,1982-12-01,1982-12-31,252,22,1,1,0,n,"ARIMA(1,1,0)",-1542.4822676330823,-1535.4313617548187,1.7403271660150494
96,1982-01-05,1982-12-31,1983-01-03,1983-01-31,252,21,1,1,0,n,"ARIMA(1,1,0)",-1532.5689105079434,-1525.5180046296798,2.19739766602288
97,1982-02-03,1983-01-31,1983-02-01,1983-02-28,252,19,1,1,0,n,"ARIMA(1,1,0)",-1527.0830313000306,-1520.032125421767,1.5069899999944028
98,1982-03-03,1983-02-28,1983-03-01,1983-03-31,252,23,0,1,0,t,"ARIMA(0,1,0)+drift",-1524.94061483606,-1517.8897089577963,1.5736176250211429
99,1982-04-05,1983-03-31,1983-04-04,1983-04-29,252,20,0,1,0,t,"ARIMA(0,1,0)+drift",-1527.649675605453,-1520.5987697271894,1.6718342920066789
100,1982-05-04,1983-04-29,1983-05-02,1983-05-31,252,21,0,1,0,t,"ARIMA(0,1,0)+drift",-1524.4511381303296,-1517.400232252066,2.2811220420117024
101,1982-06-03,1983-05-31,1983-06-01,1983-06-30,252,22,0,1,0,t,"ARIMA(0,1,0)+drift",-1523.296647188572,-1516.2457413103084,1.8586178749974351
102,1982-07-06,1983-06-30,1983-07-01,1983-07-29,252,20,0,1,0,t,"ARIMA(0,1,0)+drift",-1527.2806503023953,-1520.2297444241317,1.6079560839862097
103,1982-08-03,1983-07-29,1983-08-01,1983-08-31,252,23,0,1,0,t,"ARIMA(0,1,0)+drift",-1518.07512470545,-1511.0242188271864,1.9952785840141587
104,1982-09-03,1983-08-31,1983-09-01,1983-09-30,252,21,1,1,2,t,"ARIMA(1,1,2)+drift",-1557.9763089450198,-1540.349044249361,1.8661297499784268
105,1982-10-05,1983-09-30,1983-10-03,1983-10-31,252,21,3,1,2,t,"ARIMA(3,1,2)+drift",-1564.1720072123753,-1539.4938366384529,2.6896592089906335
106,1982-11-03,1983-10-31,1983-11-01,1983-11-30,252,21,2,1,3,t,"ARIMA(2,1,3)+drift",-1626.2977216562608,-1601.6195510823384,1.707546582998475
107,1982-12-03,1983-11-30,1983-12-01,1983-12-30,252,21,0,1,0,n,"ARIMA(0,1,0)",-1657.4164573805267,-1653.891004441395,2.2080504999903496
108,1983-01-04,1983-12-30,1984-01-03,1984-01-31,252,21,0,1,0,n,"ARIMA(0,1,0)",-1694.0349079772227,-1690.509455038091,1.8805987079977058
109,1983-02-02,1984-01-31,1984-02-01,1984-02-29,252,20,0,1,0,n,"ARIMA(0,1,0)",-1725.6068431446936,-1722.0813902055618,1.2454995840089396
110,1983-03-03,1984-02-29,1984-03-01,1984-03-30,252,22,0,1,0,n,"ARIMA(0,1,0)",-1727.5358929513231,-1724.0104400121913,1.0651845420070458
111,1983-04-05,1984-03-30,1984-04-02,1984-04-30,252,20,0,1,0,n,"ARIMA(0,1,0)",-1723.5929225377688,-1720.067469598637,1.1965519580116961
112,1983-05-03,1984-04-30,1984-05-01,1984-05-31,252,22,0,1,0,n,"ARIMA(0,1,0)",-1732.4780187958038,-1728.952565856672,1.508452167006908
113,1983-06-03,1984-05-31,1984-06-01,1984-06-29,252,21,0,1,0,n,"ARIMA(0,1,0)",-1733.0244868095597,-1729.4990338704279,0.870405749999918
114,1983-07-05,1984-06-29,1984-07-02,1984-07-31,252,21,0,1,0,n,"ARIMA(0,1,0)",-1729.503970159986,-1725.9785172208542,1.3347237919806503
115,1983-08-03,1984-07-31,1984-08-01,1984-08-31,252,23,0,1,0,n,"ARIMA(0,1,0)",-1753.3840736576467,-1749.8586207185149,1.3071823329955805
116,1983-09-06,1984-08-31,1984-09-04,1984-09-28,252,19,1,1,0,n,"ARIMA(1,1,0)",-1730.2122382665311,-1723.1613323882675,1.5689174580038525
117,1983-10-03,1984-09-28,1984-10-01,1984-10-31,252,23,1,1,0,n,"ARIMA(1,1,0)",-1726.4695463323824,-1719.4186404541188,1.8518927920085844
118,1983-11-03,1984-10-31,1984-11-01,1984-11-30,252,21,1,1,0,n,"ARIMA(1,1,0)",-1725.3336277217554,-1718.2827218434918,1.3958580420003273
119,1983-12-05,1984-11-30,1984-12-03,1984-12-31,252,20,1,1,0,n,"ARIMA(1,1,0)",-1720.9598038044223,-1713.9088979261587,1.709948457981227
120,1984-01-04,1984-12-31,1985-01-02,1985-01-31,252,22,1,1,0,n,"ARIMA(1,1,0)",-1713.92935019449,-1706.8784443162265,1.7596481250075158
121,1984-02-03,1985-01-31,1985-02-01,1985-02-28,252,19,1,1,0,n,"ARIMA(1,1,0)",-1700.0980229084898,-1693.0471170302262,1.9092085830052383
122,1984-03-02,1985-02-28,1985-03-01,1985-03-29,252,21,1,1,0,n,"ARIMA(1,1,0)",-1718.237881394569,-1711.1869755163054,1.3331742080044933
123,1984-04-02,1985-03-29,1985-04-01,1985-04-30,252,21,1,1,0,n,"ARIMA(1,1,0)",-1726.661435989218,-1719.6105301109544,1.455290416983189
124,1984-05-02,1985-04-30,1985-05-01,1985-05-31,252,22,1,1,0,n,"ARIMA(1,1,0)",-1739.1519765006797,-1732.101070622416,1.1088745830056723
125,1984-06-04,1985-05-31,1985-06-03,1985-06-28,252,20,1,1,0,t,"ARIMA(1,1,0)+drift",-1746.1292321570081,-1735.5528733396127,1.1604953340138309
126,1984-07-02,1985-06-28,1985-07-01,1985-07-31,252,22,1,1,0,t,"ARIMA(1,1,0)+drift",-1756.0200798239312,-1745.4437210065357,1.4439670419960748
127,1984-08-02,1985-07-31,1985-08-01,1985-08-30,252,22,0,1,0,t,"ARIMA(0,1,0)+drift",-1778.6971322926345,-1771.6462264143709,2.1757661669980735
128,1984-09-04,1985-08-30,1985-09-03,1985-09-30,252,19,0,1,0,n,"ARIMA(0,1,0)",-1808.6288007222652,-1805.1033477831334,1.3218239999841899
129,1984-10-01,1985-09-30,1985-10-01,1985-10-31,252,23,0,1,0,n,"ARIMA(0,1,0)",-1809.3899857727874,-1805.8645328336556,1.1307161249860656
130,1984-11-01,1985-10-31,1985-11-01,1985-11-29,252,20,0,1,0,n,"ARIMA(0,1,0)",-1817.9718223259779,-1814.446369386846,1.1122326249897014
131,1984-11-30,1985-11-29,1985-12-02,1985-12-31,252,21,0,1,0,t,"ARIMA(0,1,0)+drift",-1820.8067954829276,-1813.755889604664,1.1026447920012288
132,1985-01-02,1985-12-31,1986-01-02,1986-01-31,252,22,0,1,0,t,"ARIMA(0,1,0)+drift",-1824.151196722099,-1817.1002908438354,1.6678876249934547
133,1985-02-01,1986-01-31,1986-02-03,1986-02-28,252,19,0,1,0,t,"ARIMA(0,1,0)+drift",-1810.9997313351414,-1803.9488254568778,1.186477333016228
134,1985-03-01,1986-02-28,1986-03-03,1986-03-31,252,20,2,1,0,t,"ARIMA(2,1,0)+drift",-1806.9934359598,-1792.8916242032728,1.0437444580020383
135,1985-03-29,1986-03-31,1986-04-01,1986-04-30,252,22,0,1,0,t,"ARIMA(0,1,0)+drift",-1794.1865282225222,-1787.1356223442585,1.332610667013796
136,1985-05-01,1986-04-30,1986-05-01,1986-05-30,252,21,0,1,0,t,"ARIMA(0,1,0)+drift",-1754.6857085679208,-1747.6348026896571,0.9251492919865996
137,1985-05-31,1986-05-30,1986-06-02,1986-06-30,252,21,0,1,0,t,"ARIMA(0,1,0)+drift",-1743.2315391660936,-1736.18063328783,0.9889616250002291
138,1985-07-01,1986-06-30,1986-07-01,1986-07-31,252,22,0,1,0,t,"ARIMA(0,1,0)+drift",-1728.2710678581102,-1721.2201619798466,1.2170959999784827
139,1985-08-01,1986-07-31,1986-08-01,1986-08-29,252,21,0,1,0,t,"ARIMA(0,1,0)+drift",-1699.1191594053175,-1692.068253527054,1.0448976250190753
140,1985-08-30,1986-08-29,1986-09-02,1986-09-30,252,21,0,1,0,t,"ARIMA(0,1,0)+drift",-1692.0025013231252,-1684.9515954448616,1.0278833329793997
141,1985-10-02,1986-09-30,1986-10-01,1986-10-31,252,23,0,1,1,t,"ARIMA(0,1,1)+drift",-1648.499317996123,-1637.9229591787275,1.0099275830143597
142,1985-11-04,1986-10-31,1986-11-03,1986-11-28,252,19,0,1,1,t,"ARIMA(0,1,1)+drift",-1645.1255088500054,-1634.54915003261,1.0382065410085488
143,1985-12-02,1986-11-28,1986-12-01,1986-12-31,252,22,0,1,1,n,"ARIMA(0,1,1)",-1636.0080223835607,-1628.957116505297,0.9198655840009451
144,1986-01-03,1986-12-31,1987-01-02,1987-01-30,252,21,0,1,1,n,"ARIMA(0,1,1)",-1635.090166930074,-1628.0392610518104,1.3139402079978026
145,1986-02-03,1987-01-30,1987-02-02,1987-02-27,252,19,0,1,1,t,"ARIMA(0,1,1)+drift",-1630.0775967541372,-1619.5012379367417,0.9767282920074649
146,1986-03-03,1987-02-27,1987-03-02,1987-03-31,252,22,0,1,1,n,"ARIMA(0,1,1)",-1625.399659381313,-1618.3487535030495,1.3899060830008239
147,1986-04-03,1987-03-31,1987-04-01,1987-04-30,252,21,0,1,1,n,"ARIMA(0,1,1)",-1624.0095027673756,-1616.958596889112,1.4697585840185639
148,1986-05-02,1987-04-30,1987-05-01,1987-05-29,252,20,0,1,1,n,"ARIMA(0,1,1)",-1599.5136584448696,-1592.462752566606,1.4221203750057612
149,1986-06-02,1987-05-29,1987-06-01,1987-06-30,252,22,0,1,1,n,"ARIMA(0,1,1)",-1589.3737918528782,-1582.3228859746146,1.1814280830149073
150,1986-07-02,1987-06-30,1987-07-01,1987-07-31,252,22,0,1,1,n,"ARIMA(0,1,1)",-1594.4420719004986,-1587.391166022235,1.553596749989083
151,1986-08-04,1987-07-31,1987-08-03,1987-08-31,252,21,0,1,1,t,"ARIMA(0,1,1)+drift",-1611.990693997278,-1601.4143351798825,1.7556934169842862
152,1986-09-03,1987-08-31,1987-09-01,1987-09-30,252,21,0,1,1,t,"ARIMA(0,1,1)+drift",-1609.7121618404276,-1599.1358030230322,1.5745354170212522
153,1986-10-02,1987-09-30,1987-10-01,1987-10-30,252,22,0,1,0,t,"ARIMA(0,1,0)+drift",-1626.6681445369888,-1619.6172386587252,1.7130415830179118
154,1986-11-03,1987-10-30,1987-11-02,1987-11-30,252,20,1,1,2,n,"ARIMA(1,1,2)",-1256.1715467419974,-1242.0697349854702,2.296975667006336
155,1986-12-02,1987-11-30,1987-12-01,1987-12-31,252,22,1,1,1,n,"ARIMA(1,1,1)",-1235.6948215302377,-1225.1184627128423,1.8934434590046294
156,1987-01-05,1987-12-31,1988-01-04,1988-01-29,252,20,1,1,1,n,"ARIMA(1,1,1)",-1223.9561340651985,-1213.379775247803,2.2727105829981156
157,1987-02-02,1988-01-29,1988-02-01,1988-02-29,252,20,0,1,2,n,"ARIMA(0,1,2)",-1204.1593045457578,-1193.5829457283623,2.095600792003097
158,1987-03-03,1988-02-29,1988-03-01,1988-03-31,252,23,0,1,2,n,"ARIMA(0,1,2)",-1203.0821669535476,-1192.5058081361522,1.9183307500206865
159,1987-04-03,1988-03-31,1988-04-04,1988-04-29,252,20,0,1,2,n,"ARIMA(0,1,2)",-1204.6451024348069,-1194.0687436174114,1.7624508750159293
160,1987-05-04,1988-04-29,1988-05-02,1988-05-31,252,21,0,1,2,n,"ARIMA(0,1,2)",-1205.380968376662,-1194.8046095592665,1.7498676249815617
161,1987-06-03,1988-05-31,1988-06-01,1988-06-30,252,22,3,1,3,n,"ARIMA(3,1,3)",-1206.6797242608686,-1182.0015536869462,2.260356624989072
162,1987-07-06,1988-06-30,1988-07-01,1988-07-29,252,20,0,1,2,n,"ARIMA(0,1,2)",-1203.170918582576,-1192.5945597651805,1.9221002910053357
163,1987-08-03,1988-07-29,1988-08-01,1988-08-31,252,23,0,1,2,n,"ARIMA(0,1,2)",-1200.5584179676655,-1189.98205915027,1.9364701670128852
164,1987-09-03,1988-08-31,1988-09-01,1988-09-30,252,21,0,1,2,n,"ARIMA(0,1,2)",-1202.7122040564818,-1192.1358452390864,1.9758420409925748
165,1987-10-05,1988-09-30,1988-10-03,1988-10-31,252,21,0,1,2,n,"ARIMA(0,1,2)",-1204.8541117348577,-1194.2777529174623,1.9630462079949211
166,1987-11-03,1988-10-31,1988-11-01,1988-11-30,252,21,2,1,1,t,"ARIMA(2,1,1)+drift",-1477.4469317696605,-1459.8196670740017,2.029178791999584
167,1987-12-03,1988-11-30,1988-12-01,1988-12-30,252,21,0,1,0,n,"ARIMA(0,1,0)",-1518.5992514303089,-1515.073798491177,1.862154250004096
168,1988-01-05,1988-12-30,1989-01-03,1989-01-31,252,21,1,1,1,n,"ARIMA(1,1,1)",-1568.6708502606816,-1558.0944914432862,1.9072352500224952
169,1988-02-03,1989-01-31,1989-02-01,1989-02-28,252,19,0,1,0,n,"ARIMA(0,1,0)",-1644.375782473197,-1640.8503295340652,1.3494938340154476
170,1988-03-02,1989-02-28,1989-03-01,1989-03-31,252,22,0,1,0,n,"ARIMA(0,1,0)",-1650.870465774893,-1647.3450128357613,1.2476104999950621
171,1988-04-04,1989-03-31,1989-04-03,1989-04-28,252,20,0,1,0,n,"ARIMA(0,1,0)",-1657.0216521651746,-1653.4961992260428,1.1822038329846691
172,1988-05-02,1989-04-28,1989-05-01,1989-05-31,252,22,0,1,0,n,"ARIMA(0,1,0)",-1690.3514825556463,-1686.8260296165145,1.09666737500811
173,1988-06-02,1989-05-31,1989-06-01,1989-06-30,252,22,0,1,1,t,"ARIMA(0,1,1)+drift",-1718.2858581149464,-1707.709499297551,1.282286000001477
174,1988-07-05,1989-06-30,1989-07-03,1989-07-31,252,20,0,1,0,n,"ARIMA(0,1,0)",-1731.7021866085415,-1728.1767336694097,1.7810385829943698
175,1988-08-02,1989-07-31,1989-08-01,1989-08-31,252,23,0,1,0,t,"ARIMA(0,1,0)+drift",-1744.9671890856262,-1737.9162832073625,0.8763283329899423
176,1988-09-02,1989-08-31,1989-09-01,1989-09-29,252,20,0,1,0,t,"ARIMA(0,1,0)+drift",-1760.1880602888732,-1753.1371544106096,1.3884522499865852
177,1988-10-03,1989-09-29,1989-10-02,1989-10-31,252,22,0,1,0,t,"ARIMA(0,1,0)+drift",-1757.568481759896,-1750.5175758816324,1.225261292012874
178,1988-11-02,1989-10-31,1989-11-01,1989-11-30,252,21,0,1,0,t,"ARIMA(0,1,0)+drift",-1686.341407844237,-1679.2905019659734,1.383035957987886
179,1988-12-02,1989-11-30,1989-12-01,1989-12-29,252,20,0,1,0,t,"ARIMA(0,1,0)+drift",-1695.355200473268,-1688.3042945950044,0.8792249170073774
180,1989-01-03,1989-12-29,1990-01-02,1990-01-31,252,22,0,1,0,t,"ARIMA(0,1,0)+drift",-1691.770098944836,-1684.7191930665724,1.8883542499970645
181,1989-02-02,1990-01-31,1990-02-01,1990-02-28,252,19,2,1,2,n,"ARIMA(2,1,2)",-1662.4694919831788,-1644.84222728752,1.7244931669847574
182,1989-03-02,1990-02-28,1990-03-01,1990-03-30,252,22,0,1,0,n,"ARIMA(0,1,0)",-1666.3525287800067,-1662.8270758408748,1.4618005840166006
183,1989-04-04,1990-03-30,1990-04-02,1990-04-30,252,20,2,1,2,t,"ARIMA(2,1,2)+drift",-1672.3133661595982,-1651.1606485248076,1.4518870000028983
184,1989-05-02,1990-04-30,1990-05-01,1990-05-31,252,22,0,1,0,n,"ARIMA(0,1,0)",-1667.9639864183405,-1664.4385334792087,1.1258714589930605
185,1989-06-02,1990-05-31,1990-06-01,1990-06-29,252,21,2,1,3,n,"ARIMA(2,1,3)",-1667.5620019738913,-1646.4092843391006,1.8184804170159623
186,1989-07-03,1990-06-29,1990-07-02,1990-07-31,252,21,2,1,3,n,"ARIMA(2,1,3)",-1668.7666204818865,-1647.613902847096,1.5511767910211347
187,1989-08-02,1990-07-31,1990-08-01,1990-08-31,252,23,0,1,0,n,"ARIMA(0,1,0)",-1661.9163516543354,-1658.3908987152035,1.2330048750154674
188,1989-09-05,1990-08-31,1990-09-04,1990-09-28,252,19,0,1,0,n,"ARIMA(0,1,0)",-1609.4934437969282,-1605.9679908577964,1.4858824590046424
189,1989-10-02,1990-09-28,1990-10-01,1990-10-31,252,23,0,1,0,n,"ARIMA(0,1,0)",-1594.4567526309672,-1590.9312996918354,1.5924765829986427
190,1989-11-02,1990-10-31,1990-11-01,1990-11-30,252,21,3,1,2,n,"ARIMA(3,1,2)",-1614.61626512921,-1593.4635474944193,1.3137128340022173
191,1989-12-04,1990-11-30,1990-12-03,1990-12-31,252,20,0,1,1,n,"ARIMA(0,1,1)",-1596.333700418013,-1589.2827945397494,1.2121103750250768
192,1990-01-03,1990-12-31,1991-01-02,1991-01-31,252,22,0,1,1,n,"ARIMA(0,1,1)",-1598.2038825637062,-1591.1529766854426,1.5779837919981219
193,1990-02-02,1991-01-31,1991-02-01,1991-02-28,252,19,2,1,2,n,"ARIMA(2,1,2)",-1600.475740845829,-1582.8484761501702,1.4333254169905558
194,1990-03-02,1991-02-28,1991-03-01,1991-03-28,252,20,2,1,2,n,"ARIMA(2,1,2)",-1586.731911748523,-1569.1046470528643,2.000207458011573
195,1990-03-30,1991-03-28,1991-04-01,1991-04-30,252,22,2,1,3,n,"ARIMA(2,1,3)",-1578.4455087843733,-1557.2927911495826,1.8346790829964448
196,1990-05-02,1991-04-30,1991-05-01,1991-05-31,252,22,2,1,2,n,"ARIMA(2,1,2)",-1568.698990126416,-1551.0717254307572,1.789093832980143
197,1990-06-04,1991-05-31,1991-06-03,1991-06-28,252,20,2,1,2,n,"ARIMA(2,1,2)",-1566.2282361200996,-1548.6009714244408,1.6101849580009002
198,1990-07-02,1991-06-28,1991-07-01,1991-07-31,252,22,2,1,2,n,"ARIMA(2,1,2)",-1566.5186662911697,-1548.8914015955108,1.9110152079956606
199,1990-08-02,1991-07-31,1991-08-01,1991-08-30,252,22,2,1,2,n,"ARIMA(2,1,2)",-1570.5355743718815,-1552.9083096762226,1.8843614580109715
200,1990-09-04,1991-08-30,1991-09-03,1991-09-30,252,20,0,1,0,n,"ARIMA(0,1,0)",-1602.9086184076023,-1599.3831654684705,1.4661374160205014
201,1990-10-02,1991-09-30,1991-10-01,1991-10-31,252,23,2,1,2,n,"ARIMA(2,1,2)",-1629.8302251806153,-1612.2029604849565,1.491408458998194
202,1990-11-02,1991-10-31,1991-11-01,1991-11-29,252,20,0,1,0,t,"ARIMA(0,1,0)+drift",-1663.6189470681247,-1656.568041189861,1.295576207980048
203,1990-12-03,1991-11-29,1991-12-02,1991-12-31,252,21,0,1,0,n,"ARIMA(0,1,0)",-1663.0543341721084,-1659.5288812329766,1.0271380839985795
204,1991-01-03,1991-12-31,1992-01-02,1992-01-31,252,22,0,1,0,t,"ARIMA(0,1,0)+drift",-1652.6036667558967,-1645.552760877633,1.2126233330054674
205,1991-02-04,1992-01-31,1992-02-03,1992-02-28,252,19,0,1,0,n,"ARIMA(0,1,0)",-1679.9472427694873,-1676.4217898303555,1.761977208981989
206,1991-03-04,1992-02-28,1992-03-02,1992-03-31,252,22,0,1,0,n,"ARIMA(0,1,0)",-1699.3724406941042,-1695.8469877549724,1.703146249987185
207,1991-04-04,1992-03-31,1992-04-01,1992-04-30,252,21,0,1,0,n,"ARIMA(0,1,0)",-1721.1705406848341,-1717.6450877457023,1.3708108750288375
208,1991-05-03,1992-04-30,1992-05-01,1992-05-29,252,20,0,1,0,n,"ARIMA(0,1,0)",-1720.9054494127213,-1717.3799964735895,1.0094072910142131
209,1991-06-03,1992-05-29,1992-06-01,1992-06-30,252,22,0,1,0,n,"ARIMA(0,1,0)",-1733.4473298629207,-1729.921876923789,1.1454093750216998
210,1991-07-03,1992-06-30,1992-07-01,1992-07-31,252,22,0,1,0,n,"ARIMA(0,1,0)",-1748.7031339529813,-1745.1776810138495,1.028231042000698
211,1991-08-05,1992-07-31,1992-08-03,1992-08-31,252,21,0,1,0,n,"ARIMA(0,1,0)",-1744.8824096063058,-1741.356956667174,1.420947917009471
212,1991-09-04,1992-08-31,1992-09-01,1992-09-30,252,21,0,1,0,n,"ARIMA(0,1,0)",-1777.8839742332266,-1774.3585212940948,0.9607147500209976
213,1991-10-03,1992-09-30,1992-10-01,1992-10-30,252,22,0,1,0,n,"ARIMA(0,1,0)",-1770.148112501537,-1766.6226595624053,0.9023499170143623
214,1991-11-04,1992-10-30,1992-11-02,1992-11-30,252,20,0,1,0,n,"ARIMA(0,1,0)",-1771.6831308670594,-1768.1576779279276,0.968527749995701
215,1991-12-03,1992-11-30,1992-12-01,1992-12-31,252,22,0,1,0,n,"ARIMA(0,1,0)",-1811.7198180424746,-1808.1943651033428,1.062167958007194
216,1992-01-06,1992-12-31,1993-01-04,1993-01-29,252,20,0,1,0,n,"ARIMA(0,1,0)",-1844.6203033813363,-1841.0948504422045,1.0404820829862729
217,1992-02-03,1993-01-29,1993-02-01,1993-02-26,252,19,0,1,0,n,"ARIMA(0,1,0)",-1858.074383272643,-1854.5489303335112,1.5603769579902291
218,1992-03-02,1993-02-26,1993-03-01,1993-03-31,252,23,0,1,0,n,"ARIMA(0,1,0)",-1851.1428272865444,-1847.6173743474126,0.8893977499974426
219,1992-04-02,1993-03-31,1993-04-01,1993-04-30,252,21,0,1,0,n,"ARIMA(0,1,0)",-1839.4248197936179,-1835.899366854486,1.313217082992196
220,1992-05-04,1993-04-30,1993-05-03,1993-05-28,252,20,0,1,0,n,"ARIMA(0,1,0)",-1858.6855853278057,-1855.160132388674,1.100600208999822
221,1992-06-02,1993-05-28,1993-06-01,1993-06-30,252,22,0,1,0,n,"ARIMA(0,1,0)",-1854.016433838478,-1850.4909808993461,1.2287049579899758
222,1992-07-02,1993-06-30,1993-07-01,1993-07-30,252,21,0,1,0,n,"ARIMA(0,1,0)",-1860.0952941393991,-1856.5698412002673,1.3358242500107735
223,1992-08-03,1993-07-30,1993-08-02,1993-08-31,252,22,0,1,0,n,"ARIMA(0,1,0)",-1864.3366800101348,-1860.811227071003,1.2882602080062497
224,1992-09-02,1993-08-31,1993-09-01,1993-09-30,252,21,0,1,0,n,"ARIMA(0,1,0)",-1868.1878659185818,-1864.66241297945,1.1822020830004476
225,1992-10-02,1993-09-30,1993-10-01,1993-10-29,252,21,0,1,0,n,"ARIMA(0,1,0)",-1885.5206877475769,-1881.995234808445,1.2332528750121128
226,1992-11-02,1993-10-29,1993-11-01,1993-11-30,252,21,0,1,0,n,"ARIMA(0,1,0)",-1902.32574830154,-1898.8002953624082,1.153405584016582
227,1992-12-02,1993-11-30,1993-12-01,1993-12-31,252,22,0,1,0,n,"ARIMA(0,1,0)",-1896.970018590496,-1893.4445656513642,1.152825707977172
228,1993-01-05,1993-12-31,1994-01-03,1994-01-31,252,21,0,1,0,n,"ARIMA(0,1,0)",-1903.6287681079398,-1900.103315168808,1.1409502500027884
229,1993-02-03,1994-01-31,1994-02-01,1994-02-28,252,19,1,1,2,t,"ARIMA(1,1,2)+drift",-1908.2911068989667,-1890.663842203308,1.2859370000078343
230,1993-03-03,1994-02-28,1994-03-01,1994-03-31,252,23,1,1,1,t,"ARIMA(1,1,1)+drift",-1917.2739787618257,-1903.1721670052984,1.4818667079962324
231,1993-04-05,1994-03-31,1994-04-04,1994-04-29,252,19,0,1,0,n,"ARIMA(0,1,0)",-1922.7787309174503,-1919.2532779783185,0.9731789589859545
232,1993-05-03,1994-04-29,1994-05-02,1994-05-31,252,21,0,1,0,n,"ARIMA(0,1,0)",-1897.092329522315,-1893.566876583183,0.923345082992455
233,1993-06-02,1994-05-31,1994-06-01,1994-06-30,252,22,0,1,0,n,"ARIMA(0,1,0)",-1900.4839508211912,-1896.9584978820594,1.1584897919965442
234,1993-07-02,1994-06-30,1994-07-01,1994-07-29,252,20,0,1,0,n,"ARIMA(0,1,0)",-1892.8854486090268,-1889.359995669895,1.9986860410135705
235,1993-08-02,1994-07-29,1994-08-01,1994-08-31,252,23,0,1,0,n,"ARIMA(0,1,0)",-1900.8336308296987,-1897.3081778905669,1.1878621249925345
236,1993-09-02,1994-08-31,1994-09-01,1994-09-30,252,21,0,1,0,n,"ARIMA(0,1,0)",-1891.6621793786758,-1888.136726439544,1.0029131670016795
237,1993-10-04,1994-09-30,1994-10-03,1994-10-31,252,21,0,1,0,n,"ARIMA(0,1,0)",-1881.307795346642,-1877.7823424075102,1.2799594169773627
238,1993-11-02,1994-10-31,1994-11-01,1994-11-30,252,21,1,1,3,n,"ARIMA(1,1,3)",-1857.7266464526037,-1840.099381756945,1.9419740839803126
239,1993-12-02,1994-11-30,1994-12-01,1994-12-30,252,21,0,1,0,n,"ARIMA(0,1,0)",-1848.6598312343008,-1845.134378295169,1.0008306250092573
240,1994-01-03,1994-12-30,1995-01-03,1995-01-31,252,21,0,1,0,n,"ARIMA(0,1,0)",-1837.002206932527,-1833.4767539933953,0.9201269169861916
241,1994-02-01,1995-01-31,1995-02-01,1995-02-28,252,19,0,1,0,n,"ARIMA(0,1,0)",-1840.8010813629037,-1837.2756284237719,1.0194193749921396
242,1994-03-01,1995-02-28,1995-03-01,1995-03-31,252,23,0,1,2,n,"ARIMA(0,1,2)",-1860.407907465582,-1849.8315486481865,1.0260661659995094
243,1994-04-04,1995-03-31,1995-04-03,1995-04-28,252,19,1,1,3,t,"ARIMA(1,1,3)+drift",-1880.7800682555085,-1859.6273506207178,2.725520125008188
244,1994-05-02,1995-04-28,1995-05-01,1995-05-31,252,22,1,1,3,t,"ARIMA(1,1,3)+drift",-1906.580777156119,-1885.4280595213284,1.1399558749981225
245,1994-06-02,1995-05-31,1995-06-01,1995-06-30,252,22,2,1,2,n,"ARIMA(2,1,2)",-1900.8614614637713,-1883.2341967681125,1.1874829580192454
246,1994-07-05,1995-06-30,1995-07-03,1995-07-31,252,20,3,1,2,t,"ARIMA(3,1,2)+drift",-1903.461139767834,-1878.7829691939116,1.374590833002003
247,1994-08-02,1995-07-31,1995-08-01,1995-08-31,252,23,0,1,0,t,"ARIMA(0,1,0)+drift",-1887.8732497973606,-1880.822343919097,1.3643464999913704
248,1994-09-02,1995-08-31,1995-09-01,1995-09-29,252,20,0,1,1,t,"ARIMA(0,1,1)+drift",-1898.6220019439347,-1888.0456431265393,1.2914610839798115
249,1994-10-03,1995-09-29,1995-10-02,1995-10-31,252,22,2,1,1,t,"ARIMA(2,1,1)+drift",-1917.2119243738114,-1899.5846596781525,2.19185624999227
250,1994-11-02,1995-10-31,1995-11-01,1995-11-30,252,21,0,1,2,t,"ARIMA(0,1,2)+drift",-1943.5588876401566,-1929.4570758836294,0.9901788750139531
251,1994-12-02,1995-11-30,1995-12-01,1995-12-29,252,20,1,1,2,t,"ARIMA(1,1,2)+drift",-1972.1478169992429,-1954.520552303584,1.255491541000083
252,1995-01-03,1995-12-29,1996-01-02,1996-01-31,252,22,0,1,3,t,"ARIMA(0,1,3)+drift",-1952.8623202860626,-1935.2350555904038,0.9691687090089545
253,1995-02-02,1996-01-31,1996-02-01,1996-02-29,252,20,0,1,0,t,"ARIMA(0,1,0)+drift",-1911.7012386146957,-1904.6503327364321,1.9840425830043387
254,1995-03-03,1996-02-29,1996-03-01,1996-03-29,252,21,0,1,0,t,"ARIMA(0,1,0)+drift",-1883.1840612429135,-1876.1331553646498,1.22382379201008
255,1995-04-03,1996-03-29,1996-04-01,1996-04-30,252,21,0,1,0,t,"ARIMA(0,1,0)+drift",-1844.045308768056,-1836.9944028897924,1.1308659999922384
256,1995-05-03,1996-04-30,1996-05-01,1996-05-31,252,22,0,1,0,t,"ARIMA(0,1,0)+drift",-1826.8818718012133,-1819.8309659229496,1.1816834170022048
257,1995-06-05,1996-05-31,1996-06-03,1996-06-28,252,20,0,1,0,t,"ARIMA(0,1,0)+drift",-1821.5714048727582,-1814.5204989944946,1.2830431670008693
258,1995-07-03,1996-06-28,1996-07-01,1996-07-31,252,22,0,1,0,t,"ARIMA(0,1,0)+drift",-1827.7801294093028,-1820.7292235310392,1.1557261660054792
259,1995-08-03,1996-07-31,1996-08-01,1996-08-30,252,22,0,1,0,n,"ARIMA(0,1,0)",-1788.5701528195234,-1785.0446998803916,1.1079080829804298
260,1995-09-05,1996-08-30,1996-09-03,1996-09-30,252,20,0,1,0,n,"ARIMA(0,1,0)",-1771.4695553819531,-1767.9441024428213,1.0917991249880288
261,1995-10-03,1996-09-30,1996-10-01,1996-10-31,252,23,1,1,0,n,"ARIMA(1,1,0)",-1764.190123059118,-1757.1392171808543,1.091341665975051
262,1995-11-03,1996-10-31,1996-11-01,1996-11-29,252,20,0,1,0,t,"ARIMA(0,1,0)+drift",-1763.9295736486679,-1756.8786677704043,0.9771007910021581
263,1995-12-04,1996-11-29,1996-12-02,1996-12-31,252,21,1,1,0,t,"ARIMA(1,1,0)+drift",-1762.7219001196897,-1752.1455413022943,1.1258072910131887
264,1996-01-04,1996-12-31,1997-01-02,1997-01-31,252,22,1,1,0,n,"ARIMA(1,1,0)",-1747.7374722900186,-1740.686566411755,0.9138194580154959
265,1996-02-05,1997-01-31,1997-02-03,1997-02-28,252,19,3,1,0,t,"ARIMA(3,1,0)+drift",-1750.3800952774072,-1732.7528305817484,0.9682500409835484
266,1996-03-04,1997-02-28,1997-03-03,1997-03-31,252,20,1,1,0,t,"ARIMA(1,1,0)+drift",-1744.7689649600761,-1734.1926061426807,1.517864791007014
267,1996-04-01,1997-03-31,1997-04-01,1997-04-30,252,22,0,1,1,n,"ARIMA(0,1,1)",-1746.9757217372944,-1739.9248158590308,1.1563491660053842
268,1996-05-02,1997-04-30,1997-05-01,1997-05-30,252,21,0,1,1,t,"ARIMA(0,1,1)+drift",-1714.0862076739068,-1703.5098488565113,1.0831108749844134
269,1996-06-03,1997-05-30,1997-06-02,1997-06-30,252,21,0,1,1,t,"ARIMA(0,1,1)+drift",-1696.0922110507172,-1685.5158522333218,1.1500898750091437
270,1996-07-02,1997-06-30,1997-07-01,1997-07-31,252,22,0,1,1,t,"ARIMA(0,1,1)+drift",-1673.243024756422,-1662.6666659390266,1.0314592079957947
271,1996-08-02,1997-07-31,1997-08-01,1997-08-29,252,21,2,1,0,t,"ARIMA(2,1,0)+drift",-1689.4756118596179,-1675.3738001030906,1.0664528750057798
272,1996-09-03,1997-08-29,1997-09-02,1997-09-30,252,21,2,1,0,t,"ARIMA(2,1,0)+drift",-1659.6567444245195,-1645.5549326679923,1.2468297080195043
273,1996-10-02,1997-09-30,1997-10-01,1997-10-31,252,23,0,1,0,t,"ARIMA(0,1,0)+drift",-1635.1743745140657,-1628.123468635802,1.2310048340004869
274,1996-11-04,1997-10-31,1997-11-03,1997-11-28,252,19,0,1,0,t,"ARIMA(0,1,0)+drift",-1546.039950754688,-1538.9890448764245,1.3305062080034986
275,1996-12-02,1997-11-28,1997-12-01,1997-12-31,252,22,0,1,0,n,"ARIMA(0,1,0)",-1530.336868633461,-1526.8114156943293,1.420411208004225
276,1997-01-03,1997-12-31,1998-01-02,1998-01-30,252,20,0,1,0,t,"ARIMA(0,1,0)+drift",-1528.2601952895116,-1521.209289411248,1.5870148749963846
277,1997-01-31,1998-01-30,1998-02-02,1998-02-27,252,19,0,1,0,n,"ARIMA(0,1,0)",-1517.9492126256528,-1514.423759686521,1.6649501669744495
278,1997-02-28,1998-02-27,1998-03-02,1998-03-31,252,22,0,1,0,t,"ARIMA(0,1,0)+drift",-1521.4684068032752,-1514.4175009250116,1.5511987500067335
279,1997-04-02,1998-03-31,1998-04-01,1998-04-30,252,21,1,1,1,t,"ARIMA(1,1,1)+drift",-1533.777119576589,-1519.6753078200618,1.9755954169959296
280,1997-05-01,1998-04-30,1998-05-01,1998-05-29,252,20,1,1,1,t,"ARIMA(1,1,1)+drift",-1543.0484643940054,-1528.946652637478,1.4571182499930728
281,1997-05-30,1998-05-29,1998-06-01,1998-06-30,252,22,1,1,1,t,"ARIMA(1,1,1)+drift",-1548.2395588708723,-1534.137747114345,1.6899422089918517
282,1997-07-01,1998-06-30,1998-07-01,1998-07-31,252,22,2,1,1,t,"ARIMA(2,1,1)+drift",-1548.5828795509228,-1530.955614855264,2.041081667004619
283,1997-08-01,1998-07-31,1998-08-03,1998-08-31,252,21,0,1,0,n,"ARIMA(0,1,0)",-1544.1949087146659,-1540.669455775534,2.0244209590018727
284,1997-09-02,1998-08-31,1998-09-01,1998-09-30,252,21,0,1,0,n,"ARIMA(0,1,0)",-1497.202766141899,-1493.6773132027672,1.291761750006117
285,1997-10-01,1998-09-30,1998-10-01,1998-10-30,252,22,0,1,1,n,"ARIMA(0,1,1)",-1448.2083478760796,-1441.157441997816,1.3813659999868833
286,1997-10-31,1998-10-30,1998-11-02,1998-11-30,252,20,0,1,0,n,"ARIMA(0,1,0)",-1473.6338507091073,-1470.1083977699755,1.3435644999844953
287,1997-12-01,1998-11-30,1998-12-01,1998-12-31,252,22,0,1,0,n,"ARIMA(0,1,0)",-1480.4975092584978,-1476.972056319366,1.416434416983975
288,1998-01-02,1998-12-31,1999-01-04,1999-01-29,252,19,0,1,0,n,"ARIMA(0,1,0)",-1471.7762255636976,-1468.2507726245658,1.029083792003803
289,1998-01-30,1999-01-29,1999-02-01,1999-02-26,252,19,0,1,0,n,"ARIMA(0,1,0)",-1466.6610587448774,-1463.1356058057456,1.4095211249950808
290,1998-02-27,1999-02-26,1999-03-01,1999-03-31,252,23,0,1,0,n,"ARIMA(0,1,0)",-1452.586971379048,-1449.0615184399162,1.279449374997057
291,1998-04-01,1999-03-31,1999-04-01,1999-04-30,252,21,0,1,0,n,"ARIMA(0,1,0)",-1441.3594284331562,-1437.8339754940243,1.478941333014518
292,1998-05-01,1999-04-30,1999-05-03,1999-05-28,252,20,0,1,0,n,"ARIMA(0,1,0)",-1435.735160229484,-1432.2097072903523,1.0804139589890838
293,1998-06-01,1999-05-28,1999-06-01,1999-06-30,252,22,0,1,0,n,"ARIMA(0,1,0)",-1424.3885580465894,-1420.8631051074576,1.4190919160027988
294,1998-07-01,1999-06-30,1999-07-01,1999-07-30,252,21,0,1,0,n,"ARIMA(0,1,0)",-1423.7535848926393,-1420.2281319535075,1.1531156249984633
295,1998-07-31,1999-07-30,1999-08-02,1999-08-31,252,22,0,1,0,n,"ARIMA(0,1,0)",-1426.0121526249804,-1422.4866996858486,1.3623861669912003
296,1998-09-01,1999-08-31,1999-09-01,1999-09-30,252,21,0,1,0,n,"ARIMA(0,1,0)",-1473.0003140288677,-1469.474861089736,1.5258622910187114
297,1998-10-01,1999-09-30,1999-10-01,1999-10-29,252,21,0,1,0,t,"ARIMA(0,1,0)+drift",-1516.7162929526341,-1509.6653870743705,1.6981685840000864
298,1998-10-30,1999-10-29,1999-11-01,1999-11-30,252,21,2,1,3,t,"ARIMA(2,1,3)+drift",-1514.4515944658451,-1489.7734238919227,2.1285231249930803
299,1998-12-01,1999-11-30,1999-12-01,1999-12-31,252,22,3,1,0,n,"ARIMA(3,1,0)",-1519.726814985715,-1505.6250032291878,1.6623288340051658
300,1999-01-04,1999-12-31,2000-01-03,2000-01-31,252,20,3,1,0,n,"ARIMA(3,1,0)",-1535.0434179067747,-1520.9416061502475,1.3777057079714723
301,1999-02-02,2000-01-31,2000-02-01,2000-02-29,252,20,3,1,0,n,"ARIMA(3,1,0)",-1521.792386846469,-1507.6905750899418,1.5583849170070607
302,1999-03-03,2000-02-29,2000-03-01,2000-03-31,252,23,3,1,0,n,"ARIMA(3,1,0)",-1523.6335722068047,-1509.5317604502775,1.3938657499966212
303,1999-04-06,2000-03-31,2000-04-03,2000-04-28,252,19,0,1,3,n,"ARIMA(0,1,3)",-1502.9990075464523,-1488.897195789925,1.4517677089897916
304,1999-05-03,2000-04-28,2000-05-01,2000-05-31,252,22,0,1,3,n,"ARIMA(0,1,3)",-1467.0559161928472,-1452.95410443632,1.674909208988538
305,1999-06-03,2000-05-31,2000-06-01,2000-06-30,252,22,0,1,3,n,"ARIMA(0,1,3)",-1454.5222791658216,-1440.4204674092944,1.3796347919851542
306,1999-07-06,2000-06-30,2000-07-03,2000-07-31,252,20,0,1,3,n,"ARIMA(0,1,3)",-1453.4956623545092,-1439.393850597982,2.172163000010187
307,1999-08-03,2000-07-31,2000-08-01,2000-08-31,252,23,0,1,0,n,"ARIMA(0,1,0)",-1449.5267395525789,-1446.001286613447,1.9674575829994865
308,1999-09-03,2000-08-31,2000-09-01,2000-09-29,252,20,0,1,0,n,"ARIMA(0,1,0)",-1464.533986045754,-1461.0085331066223,1.568393791996641
309,1999-10-04,2000-09-29,2000-10-02,2000-10-31,252,22,2,1,2,n,"ARIMA(2,1,2)",-1468.8367653847301,-1451.2095006890713,1.6078052500088234
310,1999-11-03,2000-10-31,2000-11-01,2000-11-30,252,21,3,1,3,n,"ARIMA(3,1,3)",-1463.5213113391474,-1438.843140765225,2.3526607909880113
311,1999-12-03,2000-11-30,2000-12-01,2000-12-29,252,20,0,1,0,n,"ARIMA(0,1,0)",-1452.4957148201254,-1448.9702618809936,1.6529577920155134
312,2000-01-03,2000-12-29,2001-01-02,2001-01-31,252,21,0,1,0,n,"ARIMA(0,1,0)",-1428.7547868414974,-1425.2293339023656,2.0230291670013685
313,2000-02-02,2001-01-31,2001-02-01,2001-02-28,252,19,2,1,0,n,"ARIMA(2,1,0)",-1432.8931266228667,-1422.3167678054713,1.8670952079992276
314,2000-03-01,2001-02-28,2001-03-01,2001-03-30,252,22,2,1,0,n,"ARIMA(2,1,0)",-1435.2757348447485,-1424.699376027353,1.7076853330072481
315,2000-03-31,2001-03-30,2001-04-02,2001-04-30,252,20,0,1,0,n,"ARIMA(0,1,0)",-1429.2602013988621,-1425.7347484597303,1.8515468749974389
316,2000-05-01,2001-04-30,2001-05-01,2001-05-31,252,22,0,1,0,n,"ARIMA(0,1,0)",-1433.8051724232723,-1430.2797194841405,1.6139040410052985
317,2000-06-01,2001-05-31,2001-06-01,2001-06-29,252,21,2,1,0,n,"ARIMA(2,1,0)",-1449.6502279984563,-1439.073869181061,1.6643346659839153
318,2000-06-30,2001-06-29,2001-07-02,2001-07-31,252,21,0,1,0,n,"ARIMA(0,1,0)",-1451.9757699122815,-1448.4503169731497,1.6313021250243764
319,2000-08-01,2001-07-31,2001-08-01,2001-08-31,252,23,0,1,0,n,"ARIMA(0,1,0)",-1447.512189170566,-1443.9867362314342,1.6778213750221767
320,2000-09-01,2001-08-31,2001-09-04,2001-09-28,252,15,0,1,0,n,"ARIMA(0,1,0)",-1440.8580136539288,-1437.332560714797,1.9854962919780519
321,2000-09-25,2001-09-28,2001-10-01,2001-10-31,252,23,3,1,2,n,"ARIMA(3,1,2)",-1408.7082493802955,-1387.5555317455048,1.8402968750160653
322,2000-10-26,2001-10-31,2001-11-01,2001-11-30,252,21,0,1,0,n,"ARIMA(0,1,0)",-1419.3528818660816,-1415.8274289269498,1.780983542004833
323,2000-11-27,2001-11-30,2001-12-03,2001-12-31,252,20,2,1,2,n,"ARIMA(2,1,2)",-1427.1886678926298,-1409.561403196971,2.17383625000366
324,2000-12-26,2001-12-31,2002-01-02,2002-01-31,252,21,0,1,0,n,"ARIMA(0,1,0)",-1446.1044030632952,-1442.5789501241634,2.1886682080221362
325,2001-01-26,2002-01-31,2002-02-01,2002-02-28,252,19,0,1,0,n,"ARIMA(0,1,0)",-1461.6299338601698,-1458.104480921038,2.004261124995537
326,2001-02-23,2002-02-28,2002-03-01,2002-03-28,252,20,0,1,0,n,"ARIMA(0,1,0)",-1458.9158368710735,-1455.3903839319416,1.932273125014035
327,2001-03-23,2002-03-28,2002-04-01,2002-04-30,252,22,3,1,0,n,"ARIMA(3,1,0)",-1485.9398607901533,-1471.838049033626,2.091530834004516
328,2001-04-25,2002-04-30,2002-05-01,2002-05-31,252,22,0,1,0,n,"ARIMA(0,1,0)",-1528.5621552928515,-1525.0367023537196,1.8779777910094708
329,2001-05-25,2002-05-31,2002-06-03,2002-06-28,252,20,2,1,2,n,"ARIMA(2,1,2)",-1517.3336697652885,-1499.7064050696297,1.9347560839960352
330,2001-06-25,2002-06-28,2002-07-01,2002-07-31,252,22,2,1,0,n,"ARIMA(2,1,0)",-1502.1106928407335,-1491.534334023338,1.5997795420116745
331,2001-07-26,2002-07-31,2002-08-01,2002-08-30,252,22,0,1,1,n,"ARIMA(0,1,1)",-1430.873312879137,-1423.8224070008735,2.0649700420035515
332,2001-08-27,2002-08-30,2002-09-03,2002-09-30,252,20,0,1,1,n,"ARIMA(0,1,1)",-1394.0756309571461,-1387.0247250788825,1.4624162499967497
333,2001-10-01,2002-09-30,2002-10-01,2002-10-31,252,23,0,1,0,n,"ARIMA(0,1,0)",-1395.319260588189,-1391.7938076490573,1.5463380419823807
334,2001-11-01,2002-10-31,2002-11-01,2002-11-29,252,20,0,1,0,n,"ARIMA(0,1,0)",-1363.384340040597,-1359.8588871014651,1.6681659160240088
335,2001-11-30,2002-11-29,2002-12-02,2002-12-31,252,21,0,1,0,n,"ARIMA(0,1,0)",-1352.72368712228,-1349.198234183148,1.5199402919970453
336,2002-01-02,2002-12-31,2003-01-02,2003-01-31,252,21,0,1,0,n,"ARIMA(0,1,0)",-1349.6432013482668,-1346.117748409135,1.6290931249968708
337,2002-02-01,2003-01-31,2003-02-03,2003-02-28,252,19,0,1,0,n,"ARIMA(0,1,0)",-1338.927934003602,-1335.4024810644703,1.6699287079973146
338,2002-03-01,2003-02-28,2003-03-03,2003-03-31,252,21,0,1,0,n,"ARIMA(0,1,0)",-1340.6176176960648,-1337.092164756933,1.5562987920129672
339,2002-04-02,2003-03-31,2003-04-01,2003-04-30,252,21,0,1,0,n,"ARIMA(0,1,0)",-1324.8128856844382,-1321.2874327453064,1.608474250009749
340,2002-05-01,2003-04-30,2003-05-01,2003-05-30,252,21,0,1,0,n,"ARIMA(0,1,0)",-1322.4824461570477,-1318.9569932179159,1.5069122079876252
341,2002-05-31,2003-05-30,2003-06-02,2003-06-30,252,21,0,1,0,n,"ARIMA(0,1,0)",-1328.4117651726265,-1324.8863122334947,1.8048190410190728
342,2002-07-01,2003-06-30,2003-07-01,2003-07-31,252,22,0,1,0,n,"ARIMA(0,1,0)",-1336.0671192037112,-1332.5416662645794,1.9555208749952726
343,2002-08-01,2003-07-31,2003-08-01,2003-08-29,252,21,1,1,0,n,"ARIMA(1,1,0)",-1391.0838144246445,-1384.032908546381,1.8073215000040364
344,2002-08-30,2003-08-29,2003-09-02,2003-09-30,252,21,1,1,0,n,"ARIMA(1,1,0)",-1428.0054264098626,-1420.954520531599,2.616271166014485
345,2002-10-01,2003-09-30,2003-10-01,2003-10-31,252,23,2,1,0,n,"ARIMA(2,1,0)",-1465.8423873804823,-1455.2660285630868,1.8725360420066863
346,2002-11-01,2003-10-31,2003-11-03,2003-11-28,252,19,1,1,3,n,"ARIMA(1,1,3)",-1525.7116687948173,-1508.0844040991585,2.0302520419936627
347,2002-11-29,2003-11-28,2003-12-01,2003-12-31,252,22,1,1,3,n,"ARIMA(1,1,3)",-1549.165499442627,-1531.538234746968,1.9662167919741478
348,2003-01-02,2003-12-31,2004-01-02,2004-01-30,252,20,1,1,0,n,"ARIMA(1,1,0)",-1571.8329108539897,-1564.782004975726,1.946182250016136
349,2003-01-31,2004-01-30,2004-02-02,2004-02-27,252,19,2,1,2,t,"ARIMA(2,1,2)+drift",-1609.0153021571937,-1587.862584522403,2.1537019159877673
350,2003-02-28,2004-02-27,2004-03-01,2004-03-31,252,23,1,1,0,t,"ARIMA(1,1,0)+drift",-1626.6558533338575,-1616.079494516462,1.7842960830021184
351,2003-04-02,2004-03-31,2004-04-01,2004-04-30,252,21,0,1,1,t,"ARIMA(0,1,1)+drift",-1684.9646549977833,-1674.388296180388,1.5123878750018775
352,2003-05-02,2004-04-30,2004-05-03,2004-05-28,252,20,0,1,1,t,"ARIMA(0,1,1)+drift",-1698.5180448900055,-1687.94168607261,1.356776542001171
353,2003-06-02,2004-05-28,2004-06-01,2004-06-30,252,21,1,1,0,n,"ARIMA(1,1,0)",-1714.640884020563,-1707.5899781422993,1.9360210830054712
354,2003-07-01,2004-06-30,2004-07-01,2004-07-30,252,21,1,1,0,n,"ARIMA(1,1,0)",-1735.9997168762075,-1728.9488109979438,1.3196479170001112
355,2003-07-31,2004-07-30,2004-08-02,2004-08-31,252,22,1,1,0,n,"ARIMA(1,1,0)",-1755.6082495636208,-1748.5573436853572,1.3675956660008524
356,2003-09-02,2004-08-31,2004-09-01,2004-09-30,252,21,0,1,0,n,"ARIMA(0,1,0)",-1750.1934834519498,-1746.668030512818,1.3179027079895604
357,2003-10-01,2004-09-30,2004-10-01,2004-10-29,252,21,0,1,0,n,"ARIMA(0,1,0)",-1778.6485998183502,-1775.1231468792184,1.2564421250135638
358,2003-10-30,2004-10-29,2004-11-01,2004-11-30,252,21,0,1,0,n,"ARIMA(0,1,0)",-1771.9329866580729,-1768.407533718941,1.1738850839901716
359,2003-12-01,2004-11-30,2004-12-01,2004-12-31,252,22,0,1,0,n,"ARIMA(0,1,0)",-1776.0046615950312,-1772.4792086558994,0.893476166005712
360,2004-01-02,2004-12-31,2005-01-03,2005-01-31,252,20,0,1,0,n,"ARIMA(0,1,0)",-1776.9716681124014,-1773.4462151732696,1.9470257080101874
361,2004-02-02,2005-01-31,2005-02-01,2005-02-28,252,19,0,1,0,n,"ARIMA(0,1,0)",-1780.2113796879312,-1776.6859267487994,1.2324305000074673
362,2004-03-01,2005-02-28,2005-03-01,2005-03-31,252,22,0,1,0,n,"ARIMA(0,1,0)",-1777.1402102101813,-1773.6147572710495,1.2630704999901354
363,2004-03-31,2005-03-31,2005-04-01,2005-04-29,252,21,2,1,2,n,"ARIMA(2,1,2)",-1800.394324833842,-1782.767060138183,1.501587709004525
364,2004-04-30,2005-04-29,2005-05-02,2005-05-31,252,21,0,1,0,n,"ARIMA(0,1,0)",-1786.3655505101365,-1782.8400975710047,1.533896500011906
365,2004-06-01,2005-05-31,2005-06-01,2005-06-30,252,22,0,1,0,n,"ARIMA(0,1,0)",-1788.9314288834394,-1785.4059759443076,1.3383023329952266
366,2004-07-02,2005-06-30,2005-07-01,2005-07-29,252,20,0,1,0,n,"ARIMA(0,1,0)",-1796.4530189877892,-1792.9275660486574,1.557553624996217
367,2004-08-02,2005-07-29,2005-08-01,2005-08-31,252,23,0,1,0,n,"ARIMA(0,1,0)",-1797.1821434636831,-1793.6566905245513,1.2693643340026028
368,2004-09-02,2005-08-31,2005-09-01,2005-09-30,252,21,0,1,0,n,"ARIMA(0,1,0)",-1816.8829038803115,-1813.3574509411796,1.1235745000012685
369,2004-10-04,2005-09-30,2005-10-03,2005-10-31,252,21,0,1,0,n,"ARIMA(0,1,0)",-1820.74055277382,-1817.215099834688,1.3719567919906694
370,2004-11-02,2005-10-31,2005-11-01,2005-11-30,252,21,0,1,0,n,"ARIMA(0,1,0)",-1801.382145832567,-1797.8566928934351,2.3654175419942476
371,2004-12-02,2005-11-30,2005-12-01,2005-12-30,252,21,0,1,1,n,"ARIMA(0,1,1)",-1813.9369340854716,-1806.886028207208,1.3307448330160696
372,2005-01-03,2005-12-30,2006-01-03,2006-01-31,252,20,0,1,1,n,"ARIMA(0,1,1)",-1818.1141069876924,-1811.0632011094287,2.019963665981777
373,2005-02-01,2006-01-31,2006-02-01,2006-02-28,252,19,0,1,1,n,"ARIMA(0,1,1)",-1814.850373746975,-1807.7994678687114,0.9922586249886081
374,2005-03-01,2006-02-28,2006-03-01,2006-03-31,252,23,0,1,1,n,"ARIMA(0,1,1)",-1819.0891171300195,-1812.038211251756,1.3464320410275832
375,2005-04-04,2006-03-31,2006-04-03,2006-04-28,252,19,1,1,0,n,"ARIMA(1,1,0)",-1827.726964771086,-1820.6760588928223,1.1305582500062883
376,2005-04-29,2006-04-28,2006-05-01,2006-05-31,252,22,0,1,0,n,"ARIMA(0,1,0)",-1856.5427666545743,-1853.0173137154425,1.370474708994152
377,2005-06-01,2006-05-31,2006-06-01,2006-06-30,252,22,0,1,0,n,"ARIMA(0,1,0)",-1844.9332528994378,-1841.407799960306,1.2862882920017
378,2005-07-01,2006-06-30,2006-07-03,2006-07-31,252,20,2,1,0,n,"ARIMA(2,1,0)",-1806.1553024175537,-1795.5789436001583,1.232095457991818
379,2005-08-01,2006-07-31,2006-08-01,2006-08-31,252,23,2,1,0,n,"ARIMA(2,1,0)",-1787.8856847864058,-1777.3093259690104,1.5056845840008464
380,2005-09-01,2006-08-31,2006-09-01,2006-09-29,252,20,0,1,2,n,"ARIMA(0,1,2)",-1794.1862284905935,-1783.609869673198,1.4893170410068706
381,2005-09-30,2006-09-29,2006-10-02,2006-10-31,252,22,1,1,2,n,"ARIMA(1,1,2)",-1796.6681979868358,-1782.5663862303086,1.3953319999855012
382,2005-11-01,2006-10-31,2006-11-01,2006-11-30,252,21,0,1,2,t,"ARIMA(0,1,2)+drift",-1829.6166906295443,-1815.514878873017,1.9783887079975102
383,2005-12-01,2006-11-30,2006-12-01,2006-12-29,252,20,0,1,2,n,"ARIMA(0,1,2)",-1832.506630746454,-1821.9302719290586,1.4969959580048453
384,2005-12-30,2006-12-29,2007-01-03,2007-01-31,252,20,2,1,0,t,"ARIMA(2,1,0)+drift",-1831.4034727913186,-1817.3016610347913,2.4623782499984372
385,2006-01-31,2007-01-31,2007-02-01,2007-02-28,252,19,2,1,0,t,"ARIMA(2,1,0)+drift",-1847.1252788762238,-1833.0234671196965,1.2063472500012722
386,2006-02-28,2007-02-28,2007-03-01,2007-03-30,252,22,2,1,0,n,"ARIMA(2,1,0)",-1825.8163944998385,-1815.240035682443,1.429873499990208
387,2006-03-30,2007-03-30,2007-04-02,2007-04-30,252,20,2,1,2,n,"ARIMA(2,1,2)",-1801.8768684075446,-1784.2496037118858,1.6729745000193361
388,2006-04-28,2007-04-30,2007-05-01,2007-05-31,252,22,2,1,2,n,"ARIMA(2,1,2)",-1802.1817389758148,-1784.554474280156,1.3624549170199316
389,2006-05-31,2007-05-31,2007-06-01,2007-06-29,252,21,2,1,0,t,"ARIMA(2,1,0)+drift",-1811.9048533639836,-1797.8030416074564,1.7301473330007866
390,2006-06-29,2007-06-29,2007-07-02,2007-07-31,252,21,0,1,0,t,"ARIMA(0,1,0)+drift",-1825.9577679734502,-1818.9068620951866,1.317982500011567
391,2006-07-31,2007-07-31,2007-08-01,2007-08-31,252,23,0,1,0,n,"ARIMA(0,1,0)",-1801.5281709966032,-1798.0027180574714,1.2788519169844221
392,2006-08-31,2007-08-31,2007-09-04,2007-09-28,252,19,0,1,1,n,"ARIMA(0,1,1)",-1715.1597885606907,-1708.108882682427,1.4857162080006674
393,2006-09-28,2007-09-28,2007-10-01,2007-10-31,252,23,0,1,1,n,"ARIMA(0,1,1)",-1695.1864574040799,-1688.1355515258163,1.5824959589808714
394,2006-10-31,2007-10-31,2007-11-01,2007-11-30,252,21,0,1,1,n,"ARIMA(0,1,1)",-1678.22197076761,-1671.1710648893463,1.5918625839985907
395,2006-11-30,2007-11-30,2007-12-03,2007-12-31,252,20,1,1,0,n,"ARIMA(1,1,0)",-1621.3214467561115,-1614.270540877848,1.6118564160133246
396,2006-12-29,2007-12-31,2008-01-02,2008-01-31,252,21,1,1,0,n,"ARIMA(1,1,0)",-1599.517194709438,-1592.4662888311743,1.9100503750087228
397,2007-02-01,2008-01-31,2008-02-01,2008-02-29,252,20,1,1,0,n,"ARIMA(1,1,0)",-1559.15769327898,-1552.1067874007165,1.43526374999783
398,2007-03-02,2008-02-29,2008-03-03,2008-03-31,252,20,1,1,0,n,"ARIMA(1,1,0)",-1543.3273899399883,-1536.2764840617247,1.7653567089873832
399,2007-03-30,2008-03-31,2008-04-01,2008-04-30,252,22,2,1,1,n,"ARIMA(2,1,1)",-1510.7887968634698,-1496.6869851069425,1.7711505420156755
400,2007-05-02,2008-04-30,2008-05-01,2008-05-30,252,21,1,1,0,n,"ARIMA(1,1,0)",-1494.1866649594535,-1487.13575908119,1.8090445830021054
401,2007-06-01,2008-05-30,2008-06-02,2008-06-30,252,21,1,1,0,n,"ARIMA(1,1,0)",-1487.6875441231814,-1480.6366382449178,1.6964336249802727
402,2007-07-02,2008-06-30,2008-07-01,2008-07-31,252,22,1,1,0,n,"ARIMA(1,1,0)",-1476.1836225903467,-1469.132716712083,1.4544848750228994
403,2007-08-02,2008-07-31,2008-08-01,2008-08-29,252,21,0,1,1,n,"ARIMA(0,1,1)",-1464.8621617750985,-1457.8112558968348,1.5277800420008134
404,2007-08-31,2008-08-29,2008-09-02,2008-09-30,252,21,0,1,1,n,"ARIMA(0,1,1)",-1474.8572838723983,-1467.8063779941347,1.6337256669939961
405,2007-10-02,2008-09-30,2008-10-01,2008-10-31,252,23,1,1,1,t,"ARIMA(1,1,1)+drift",-1380.3311666071709,-1366.2293548506436,1.2137714169803075
406,2007-11-02,2008-10-31,2008-11-03,2008-11-28,252,19,2,1,3,n,"ARIMA(2,1,3)",-1221.136812362611,-1199.9840947278203,2.350028665998252
407,2007-11-30,2008-11-28,2008-12-01,2008-12-31,252,22,2,1,1,t,"ARIMA(2,1,1)+drift",-1158.180944476488,-1140.5536797808293,2.285934499988798
408,2008-01-03,2008-12-31,2009-01-02,2009-01-30,252,20,2,1,1,t,"ARIMA(2,1,1)+drift",-1134.6161490283512,-1116.9888843326924,2.142478291003499
409,2008-02-01,2009-01-30,2009-02-02,2009-02-27,252,19,2,1,3,n,"ARIMA(2,1,3)",-1129.6336764326506,-1108.48095879786,2.3989513750129845
410,2008-02-29,2009-02-27,2009-03-02,2009-03-31,252,22,2,1,3,n,"ARIMA(2,1,3)",-1113.6202689663828,-1092.4675513315922,2.308554000017466
411,2008-04-02,2009-03-31,2009-04-01,2009-04-30,252,21,3,1,2,n,"ARIMA(3,1,2)",-1100.8802002449358,-1079.7274826101452,1.9028293330047745
412,2008-05-01,2009-04-30,2009-05-01,2009-05-29,252,20,2,1,3,n,"ARIMA(2,1,3)",-1090.0959902677491,-1068.9432726329585,2.271834042010596
413,2008-05-30,2009-05-29,2009-06-01,2009-06-30,252,22,3,1,0,n,"ARIMA(3,1,0)",-1079.2848640901825,-1065.1830523336553,2.26707337499829
414,2008-07-01,2009-06-30,2009-07-01,2009-07-31,252,22,2,1,0,n,"ARIMA(2,1,0)",-1078.648752402605,-1068.0723935852095,2.0857430000032764
415,2008-08-01,2009-07-31,2009-08-03,2009-08-31,252,21,3,1,2,n,"ARIMA(3,1,2)",-1080.7657316395957,-1059.613014004805,2.123633124982007
416,2008-09-02,2009-08-31,2009-09-01,2009-09-30,252,21,3,1,2,n,"ARIMA(3,1,2)",-1080.6019180050657,-1059.449200370275,2.3463998330116738
417,2008-10-01,2009-09-30,2009-10-01,2009-10-30,252,22,3,1,0,n,"ARIMA(3,1,0)",-1105.1373160590952,-1091.035504302568,2.3368280830036383
418,2008-10-31,2009-10-30,2009-11-02,2009-11-30,252,20,2,1,2,n,"ARIMA(2,1,2)",-1203.458897595561,-1185.8316328999022,2.2173909160192125
419,2008-12-01,2009-11-30,2009-12-01,2009-12-31,252,22,1,1,0,n,"ARIMA(1,1,0)",-1292.3535043746988,-1285.3025984964352,1.538452500011772
420,2009-01-02,2009-12-31,2010-01-04,2010-01-29,252,19,1,1,0,n,"ARIMA(1,1,0)",-1329.8727644713736,-1322.82185859311,1.9286251250014175
421,2009-01-30,2010-01-29,2010-02-01,2010-02-26,252,19,0,1,0,n,"ARIMA(0,1,0)",-1362.097201413952,-1358.5717484748202,1.6467012079956476
422,2009-02-27,2010-02-26,2010-03-01,2010-03-31,252,23,0,1,1,t,"ARIMA(0,1,1)+drift",-1397.1212536064836,-1386.5448947890882,2.3041262500046287
423,2009-04-01,2010-03-31,2010-04-01,2010-04-30,252,21,3,1,3,t,"ARIMA(3,1,3)+drift",-1505.5439627695814,-1477.3403392565272,2.488960667018546
424,2009-05-01,2010-04-30,2010-05-03,2010-05-28,252,20,2,1,2,t,"ARIMA(2,1,2)+drift",-1550.0800008972813,-1528.9272832624906,2.725588042027084
425,2009-06-01,2010-05-28,2010-06-01,2010-06-30,252,22,0,1,0,n,"ARIMA(0,1,0)",-1532.8213081322938,-1529.295855193162,1.7263575000106357
426,2009-07-01,2010-06-30,2010-07-01,2010-07-30,252,21,0,1,0,n,"ARIMA(0,1,0)",-1512.3046958459915,-1508.7792429068597,1.7585641250188928
427,2009-07-31,2010-07-30,2010-08-02,2010-08-31,252,22,0,1,0,n,"ARIMA(0,1,0)",-1515.184717413751,-1511.6592644746192,1.3489049579948187
428,2009-09-01,2010-08-31,2010-09-01,2010-09-30,252,21,0,1,0,n,"ARIMA(0,1,0)",-1514.8723327138289,-1511.346879774697,1.3040595829952508
429,2009-10-01,2010-09-30,2010-10-01,2010-10-29,252,21,0,1,0,n,"ARIMA(0,1,0)",-1513.4009023081048,-1509.875449368973,1.4760416659992188
430,2009-10-30,2010-10-29,2010-11-01,2010-11-30,252,21,0,1,0,n,"ARIMA(0,1,0)",-1529.4332735556623,-1525.9078206165304,1.1532007080095354
431,2009-12-01,2010-11-30,2010-12-01,2010-12-31,252,22,0,1,0,n,"ARIMA(0,1,0)",-1532.4754906994963,-1528.9500377603645,1.3665584999835119
432,2010-01-04,2010-12-31,2011-01-03,2011-01-31,252,20,0,1,0,n,"ARIMA(0,1,0)",-1534.2081388464253,-1530.6826859072935,1.3838519580021966
433,2010-02-02,2011-01-31,2011-02-01,2011-02-28,252,19,0,1,0,n,"ARIMA(0,1,0)",-1544.16139514522,-1540.6359422060882,1.315471791982418
434,2010-03-02,2011-02-28,2011-03-01,2011-03-31,252,23,0,1,0,n,"ARIMA(0,1,0)",-1552.9217927597504,-1549.3963398206186,1.7404160409932956
435,2010-04-05,2011-03-31,2011-04-01,2011-04-29,252,20,0,1,0,n,"ARIMA(0,1,0)",-1538.9417872984304,-1535.4163343592986,1.3040732910158113
436,2010-05-03,2011-04-29,2011-05-02,2011-05-31,252,21,0,1,0,n,"ARIMA(0,1,0)",-1548.8656912297552,-1545.3402382906233,2.155766666022828
437,2010-06-02,2011-05-31,2011-06-01,2011-06-30,252,22,0,1,0,n,"ARIMA(0,1,0)",-1624.836067388449,-1621.3106144493172,1.248299541999586
438,2010-07-02,2011-06-30,2011-07-01,2011-07-29,252,20,0,1,0,t,"ARIMA(0,1,0)+drift",-1654.390718840823,-1647.3398129625593,1.3094635409943294
439,2010-08-02,2011-07-29,2011-08-01,2011-08-31,252,23,0,1,0,n,"ARIMA(0,1,0)",-1678.4738171221607,-1674.9483641830288,1.0934264999814332
440,2010-09-02,2011-08-31,2011-09-01,2011-09-30,252,21,1,1,2,n,"ARIMA(1,1,2)",-1545.7872093392784,-1531.6853975827512,1.4623870410141535
441,2010-10-04,2011-09-30,2011-10-03,2011-10-31,252,21,2,1,3,n,"ARIMA(2,1,3)",-1498.70433404556,-1477.5516164107694,1.8520126249932218
442,2010-11-02,2011-10-31,2011-11-01,2011-11-30,252,21,1,1,3,n,"ARIMA(1,1,3)",-1462.3000995076686,-1444.6728348120098,2.1546964169829153
443,2010-12-02,2011-11-30,2011-12-01,2011-12-30,252,21,1,1,3,n,"ARIMA(1,1,3)",-1426.1847560450205,-1408.5574913493617,2.0734617090201937
444,2011-01-03,2011-12-30,2012-01-03,2012-01-31,252,20,1,1,1,n,"ARIMA(1,1,1)",-1413.169815379666,-1402.5934565622706,2.244841167004779
445,2011-02-01,2012-01-31,2012-02-01,2012-02-29,252,20,1,1,1,n,"ARIMA(1,1,1)",-1415.5749463491306,-1404.9985875317352,2.297173290979117
446,2011-03-02,2012-02-29,2012-03-01,2012-03-30,252,22,1,1,1,n,"ARIMA(1,1,1)",-1418.2122029369425,-1407.635844119547,2.2164802080078516
447,2011-04-01,2012-03-30,2012-04-02,2012-04-30,252,20,1,1,1,n,"ARIMA(1,1,1)",-1423.089865479603,-1412.5135066622076,2.0869383749959525
448,2011-05-02,2012-04-30,2012-05-01,2012-05-31,252,22,1,1,1,n,"ARIMA(1,1,1)",-1417.2836079900674,-1406.707249172672,2.3585177909990307
449,2011-06-02,2012-05-31,2012-06-01,2012-06-29,252,21,1,1,1,n,"ARIMA(1,1,1)",-1416.640658821795,-1406.0643000043995,2.1774479580053594
450,2011-07-01,2012-06-29,2012-07-02,2012-07-31,252,21,1,1,1,n,"ARIMA(1,1,1)",-1411.3837843267568,-1400.8074255093613,2.0584712919953745
451,2011-08-02,2012-07-31,2012-08-01,2012-08-31,252,23,3,1,2,n,"ARIMA(3,1,2)",-1417.305569708757,-1396.1528520739664,2.451032832992496
452,2011-09-02,2012-08-31,2012-09-04,2012-09-28,252,19,0,1,0,n,"ARIMA(0,1,0)",-1512.76257912529,-1509.237126186158,1.7269770830171183
453,2011-09-30,2012-09-28,2012-10-01,2012-10-31,252,21,0,1,0,n,"ARIMA(0,1,0)",-1552.6076275702471,-1549.0821746311153,2.553893165983027
454,2011-10-31,2012-10-31,2012-11-01,2012-11-30,252,21,3,1,3,n,"ARIMA(3,1,3)",-1613.2495495529201,-1588.5713789789977,2.349125582986744
455,2011-11-30,2012-11-30,2012-12-03,2012-12-31,252,20,0,1,0,n,"ARIMA(0,1,0)",-1682.8405040804682,-1679.3150511413364,1.0921379999781493
456,2011-12-29,2012-12-31,2013-01-02,2013-01-31,252,21,0,1,0,n,"ARIMA(0,1,0)",-1707.9357284109417,-1704.4102754718099,1.2750972499779891
457,2012-01-31,2013-01-31,2013-02-01,2013-02-28,252,19,0,1,0,n,"ARIMA(0,1,0)",-1704.402756046231,-1700.8773031070991,1.3520012500230223
458,2012-02-28,2013-02-28,2013-03-01,2013-03-28,252,20,0,1,0,n,"ARIMA(0,1,0)",-1694.630217089711,-1691.1047641505793,1.6335382079996634
459,2012-03-27,2013-03-28,2013-04-01,2013-04-30,252,22,0,1,0,n,"ARIMA(0,1,0)",-1704.360863888461,-1700.8354109493291,1.4811217919923365
460,2012-04-27,2013-04-30,2013-05-01,2013-05-31,252,22,3,1,2,n,"ARIMA(3,1,2)",-1704.694208850469,-1683.5414912156784,1.7894009170122445
461,2012-05-30,2013-05-31,2013-06-03,2013-06-28,252,20,2,1,3,t,"ARIMA(2,1,3)+drift",-1715.5265249949614,-1690.848354421039,1.938028749980731
462,2012-06-27,2013-06-28,2013-07-01,2013-07-31,252,22,0,1,0,t,"ARIMA(0,1,0)+drift",-1720.8966800190874,-1713.8457741408238,1.816747208009474
463,2012-07-30,2013-07-31,2013-08-01,2013-08-30,252,22,0,1,0,t,"ARIMA(0,1,0)+drift",-1749.639089184186,-1742.5881833059225,0.8727322919876315
464,2012-08-29,2013-08-30,2013-09-03,2013-09-30,252,20,0,1,0,n,"ARIMA(0,1,0)",-1743.3629410113135,-1739.8374880721817,1.134589416993549
465,2012-09-27,2013-09-30,2013-10-01,2013-10-31,252,23,0,1,0,n,"ARIMA(0,1,0)",-1752.1068292254502,-1748.5813762863183,1.0925905420153867
466,2012-11-01,2013-10-31,2013-11-01,2013-11-29,252,20,0,1,0,t,"ARIMA(0,1,0)+drift",-1746.7001870932202,-1739.6492812149565,1.032938959018793
467,2012-11-30,2013-11-29,2013-12-02,2013-12-31,252,21,0,1,0,t,"ARIMA(0,1,0)+drift",-1769.8856545081226,-1762.834748629859,1.102108709019376
468,2013-01-02,2013-12-31,2014-01-02,2014-01-31,252,21,0,1,1,t,"ARIMA(0,1,1)+drift",-1788.8254102934152,-1778.2490514760198,1.2906785419909284
469,2013-02-01,2014-01-31,2014-02-03,2014-02-28,252,19,0,1,0,t,"ARIMA(0,1,0)+drift",-1766.6374867525462,-1759.5865808742826,1.8072807079879567
470,2013-03-01,2014-02-28,2014-03-03,2014-03-31,252,21,0,1,0,t,"ARIMA(0,1,0)+drift",-1765.6534158173754,-1758.6025099391118,1.29244075002498
471,2013-04-02,2014-03-31,2014-04-01,2014-04-30,252,21,0,1,0,t,"ARIMA(0,1,0)+drift",-1758.2289741114919,-1751.1780682332283,1.2500403329904657
472,2013-05-01,2014-04-30,2014-05-01,2014-05-30,252,21,0,1,0,t,"ARIMA(0,1,0)+drift",-1765.1687357314024,-1758.1178298531388,0.9515043749997858
473,2013-05-31,2014-05-30,2014-06-02,2014-06-30,252,21,0,1,0,t,"ARIMA(0,1,0)+drift",-1772.3667466245101,-1765.3158407462465,1.3492077919945586
474,2013-07-01,2014-06-30,2014-07-01,2014-07-31,252,22,0,1,0,t,"ARIMA(0,1,0)+drift",-1817.7557600433947,-1810.704854165131,0.9651756670209579
475,2013-08-01,2014-07-31,2014-08-01,2014-08-29,252,21,0,1,0,n,"ARIMA(0,1,0)",-1808.3078838856516,-1804.7824309465198,1.15280954100308
476,2013-08-30,2014-08-29,2014-09-02,2014-09-30,252,21,0,1,0,t,"ARIMA(0,1,0)+drift",-1816.2933387238727,-1809.242432845609,1.0114340419822838
477,2013-10-01,2014-09-30,2014-10-01,2014-10-31,252,23,0,1,0,t,"ARIMA(0,1,0)+drift",-1813.4796796384276,-1806.428773760164,1.2590918339847121
478,2013-11-01,2014-10-31,2014-11-03,2014-11-28,252,19,0,1,0,n,"ARIMA(0,1,0)",-1778.6883098600078,-1775.162856920876,0.969796374993166
479,2013-11-29,2014-11-28,2014-12-01,2014-12-31,252,22,0,1,0,n,"ARIMA(0,1,0)",-1788.8718257881642,-1785.3463728490324,1.2326623749977443
480,2014-01-02,2014-12-31,2015-01-02,2015-01-30,252,20,0,1,0,n,"ARIMA(0,1,0)",-1765.1197554401542,-1761.5943025010224,1.0537492909934372
481,2014-01-31,2015-01-30,2015-02-02,2015-02-27,252,19,0,1,0,n,"ARIMA(0,1,0)",-1746.455040526822,-1742.92958758769,2.5855857499991544
482,2014-02-28,2015-02-27,2015-03-02,2015-03-31,252,22,0,1,0,n,"ARIMA(0,1,0)",-1754.8106044182864,-1751.2851514791546,1.122716458979994
483,2014-04-01,2015-03-31,2015-04-01,2015-04-30,252,21,0,1,0,n,"ARIMA(0,1,0)",-1740.1205559272496,-1736.5951029881178,1.3819275829882827
484,2014-05-01,2015-04-30,2015-05-01,2015-05-29,252,20,0,1,0,n,"ARIMA(0,1,0)",-1753.6835446678322,-1750.1580917287004,1.30013837502338
485,2014-05-30,2015-05-29,2015-06-01,2015-06-30,252,22,0,1,0,n,"ARIMA(0,1,0)",-1747.6178492389222,-1744.0923962997904,1.177593541011447
486,2014-07-01,2015-06-30,2015-07-01,2015-07-31,252,22,0,1,0,n,"ARIMA(0,1,0)",-1734.6069786206745,-1731.0815256815426,0.9464895409764722
487,2014-08-01,2015-07-31,2015-08-03,2015-08-31,252,21,0,1,0,n,"ARIMA(0,1,0)",-1730.530307200232,-1727.0048542611003,0.9033433330187108
488,2014-09-02,2015-08-31,2015-09-01,2015-09-30,252,21,1,1,3,n,"ARIMA(1,1,3)",-1655.3725721748162,-1637.7453074791574,1.489963333006017
489,2014-10-01,2015-09-30,2015-10-01,2015-10-30,252,22,2,1,1,n,"ARIMA(2,1,1)",-1617.1070741794347,-1603.0052624229074,1.3641677089908626
490,2014-10-31,2015-10-30,2015-11-02,2015-11-30,252,20,2,1,1,n,"ARIMA(2,1,1)",-1631.3021795028385,-1617.2003677463113,1.6922983340045903
491,2014-12-01,2015-11-30,2015-12-01,2015-12-31,252,22,1,1,2,n,"ARIMA(1,1,2)",-1621.7191784778845,-1607.6173667213573,1.7345987500157207
492,2015-01-02,2015-12-31,2016-01-04,2016-01-29,252,19,2,1,2,n,"ARIMA(2,1,2)",-1610.9664952746407,-1593.3392305789819,1.5791054999863263
493,2015-01-30,2016-01-29,2016-02-01,2016-02-29,252,20,0,1,0,n,"ARIMA(0,1,0)",-1588.1319210517056,-1584.6064681125738,1.2017312920070253
494,2015-03-02,2016-02-29,2016-03-01,2016-03-31,252,22,0,1,0,n,"ARIMA(0,1,0)",-1571.7348920265404,-1568.2094390874086,1.302297082991572
495,2015-04-01,2016-03-31,2016-04-01,2016-04-29,252,21,0,1,0,n,"ARIMA(0,1,0)",-1575.7894952451602,-1572.2640423060284,0.8186278339999262
496,2015-05-01,2016-04-29,2016-05-02,2016-05-31,252,21,0,1,0,n,"ARIMA(0,1,0)",-1574.5056767007613,-1570.9802237616295,1.319890042010229
497,2015-06-02,2016-05-31,2016-06-01,2016-06-30,252,22,0,1,0,n,"ARIMA(0,1,0)",-1572.5004531945156,-1568.9750002553837,1.3889767499931622
498,2015-07-02,2016-06-30,2016-07-01,2016-07-29,252,20,0,1,0,n,"ARIMA(0,1,0)",-1556.7021640006765,-1553.1767110615447,0.9294467499712482
499,2015-07-31,2016-07-29,2016-08-01,2016-08-31,252,23,0,1,0,n,"ARIMA(0,1,0)",-1562.1851756104159,-1558.659722671284,1.3085200839850586
500,2015-09-02,2016-08-31,2016-09-01,2016-09-30,252,21,0,1,0,n,"ARIMA(0,1,0)",-1629.9515976661978,-1626.426144727066,1.2340978750144131
501,2015-10-02,2016-09-30,2016-10-03,2016-10-31,252,21,0,1,1,n,"ARIMA(0,1,1)",-1646.0868144155406,-1639.035908537277,1.7939500419888645
502,2015-11-02,2016-10-31,2016-11-01,2016-11-30,252,21,0,1,1,n,"ARIMA(0,1,1)",-1661.2210653364384,-1654.1701594581748,0.9293522500083782
503,2015-12-02,2016-11-30,2016-12-01,2016-12-30,252,21,1,1,0,n,"ARIMA(1,1,0)",-1664.1912757570838,-1657.1403698788201,1.6708829579874873
504,2016-01-04,2016-12-30,2017-01-03,2017-01-31,252,20,1,1,0,n,"ARIMA(1,1,0)",-1696.690635632492,-1689.6397297542285,1.4251997089886572
505,2016-02-02,2017-01-31,2017-02-01,2017-02-28,252,19,0,1,0,t,"ARIMA(0,1,0)+drift",-1766.8788560100586,-1759.827950131795,1.203313000005437
506,2016-03-01,2017-02-28,2017-03-01,2017-03-31,252,23,0,1,3,t,"ARIMA(0,1,3)+drift",-1824.3136480408152,-1806.6863833451564,1.375552166980924
507,2016-04-04,2017-03-31,2017-04-03,2017-04-28,252,19,0,1,3,t,"ARIMA(0,1,3)+drift",-1827.6387753511094,-1810.0115106554506,1.8330527500074822
508,2016-04-29,2017-04-28,2017-05-01,2017-05-31,252,22,0,1,3,t,"ARIMA(0,1,3)+drift",-1836.9914806921886,-1819.3642159965298,1.352033749979455
509,2016-06-01,2017-05-31,2017-06-01,2017-06-30,252,22,0,1,0,t,"ARIMA(0,1,0)+drift",-1849.7319260574177,-1842.681020179154,1.131341792002786
510,2016-07-01,2017-06-30,2017-07-03,2017-07-31,252,20,1,1,0,t,"ARIMA(1,1,0)+drift",-1934.403556431195,-1923.8271976137996,1.435037374991225
511,2016-08-01,2017-07-31,2017-08-01,2017-08-31,252,23,1,1,0,t,"ARIMA(1,1,0)+drift",-1942.4432891453157,-1931.8669303279203,1.4769375000032596
512,2016-09-01,2017-08-31,2017-09-01,2017-09-29,252,20,1,1,0,t,"ARIMA(1,1,0)+drift",-1922.1683910581328,-1911.5920322407374,1.7948406659998
513,2016-09-30,2017-09-29,2017-10-02,2017-10-31,252,22,0,1,0,t,"ARIMA(0,1,0)+drift",-1977.4271640656593,-1970.3762581873957,1.2410069170000497
514,2016-11-01,2017-10-31,2017-11-01,2017-11-30,252,21,1,1,0,t,"ARIMA(1,1,0)+drift",-1989.903423375959,-1979.3270645585635,2.344788000016706
515,2016-12-01,2017-11-30,2017-12-01,2017-12-29,252,20,0,1,1,t,"ARIMA(0,1,1)+drift",-2019.2279200150429,-2008.6515611976474,1.4420863330014981
516,2016-12-30,2017-12-29,2018-01-02,2018-01-31,252,21,0,1,1,t,"ARIMA(0,1,1)+drift",-2032.87460596714,-2022.2982471497446,2.021409874985693
517,2017-02-01,2018-01-31,2018-02-01,2018-02-28,252,19,0,1,1,t,"ARIMA(0,1,1)+drift",-2011.460063673499,-2000.8837048561036,1.6369476249965373
518,2017-03-01,2018-02-28,2018-03-01,2018-03-29,252,21,0,1,3,n,"ARIMA(0,1,3)",-1843.869183574583,-1829.7673718180558,1.491851750004571
519,2017-03-30,2018-03-29,2018-04-02,2018-04-30,252,21,3,1,0,n,"ARIMA(3,1,0)",-1782.758978991801,-1768.6571672352738,1.2852110840030946
520,2017-05-01,2018-04-30,2018-05-01,2018-05-31,252,22,0,1,3,n,"ARIMA(0,1,3)",-1749.416955333676,-1735.3151435771488,1.6150540840171743
521,2017-06-01,2018-05-31,2018-06-01,2018-06-29,252,21,0,1,3,n,"ARIMA(0,1,3)",-1739.0219592751464,-1724.9201475186192,1.79754891700577
522,2017-06-30,2018-06-29,2018-07-02,2018-07-31,252,21,0,1,3,n,"ARIMA(0,1,3)",-1729.8683130196623,-1715.766501263135,1.5195000840176363
523,2017-08-01,2018-07-31,2018-08-01,2018-08-31,252,23,0,1,3,n,"ARIMA(0,1,3)",-1721.0621774969334,-1706.9603657404061,1.3333214159938507
524,2017-09-01,2018-08-31,2018-09-04,2018-09-28,252,19,3,1,0,n,"ARIMA(3,1,0)",-1726.6943577310622,-1712.592545974535,1.6331266250053886
525,2017-09-29,2018-09-28,2018-10-01,2018-10-31,252,23,3,1,0,n,"ARIMA(3,1,0)",-1726.3510413908311,-1712.249229634304,1.4092277500021737
526,2017-11-01,2018-10-31,2018-11-01,2018-11-30,252,21,2,1,2,n,"ARIMA(2,1,2)",-1660.34097309432,-1642.713708398661,1.8060854589857627
527,2017-12-01,2018-11-30,2018-12-03,2018-12-31,252,19,0,1,0,n,"ARIMA(0,1,0)",-1625.0969081121377,-1621.571455173006,1.8670247920090333
528,2017-12-29,2018-12-31,2019-01-02,2019-01-31,252,21,1,1,2,n,"ARIMA(1,1,2)",-1564.3818871331443,-1550.280075376617,1.6723168750177138
529,2018-01-31,2019-01-31,2019-02-01,2019-02-28,252,19,0,1,0,n,"ARIMA(0,1,0)",-1542.6324482764512,-1539.1069953373194,2.179086959018605
530,2018-02-28,2019-02-28,2019-03-01,2019-03-29,252,21,0,1,0,n,"ARIMA(0,1,0)",-1585.9595769389953,-1582.4341239998635,1.6467414160142653
531,2018-03-29,2019-03-29,2019-04-01,2019-04-30,252,21,0,1,0,n,"ARIMA(0,1,0)",-1607.336648086962,-1603.8111951478302,1.878144666989101
532,2018-04-30,2019-04-30,2019-05-01,2019-05-31,252,22,0,1,0,n,"ARIMA(0,1,0)",-1629.1059801482925,-1625.5805272091607,1.7206174590101
533,2018-05-31,2019-05-31,2019-06-03,2019-06-28,252,20,0,1,0,n,"ARIMA(0,1,0)",-1618.722487317379,-1615.1970343782473,1.2908090830023866
534,2018-06-28,2019-06-28,2019-07-01,2019-07-31,252,22,0,1,0,n,"ARIMA(0,1,0)",-1614.104207227582,-1610.5787542884502,1.5348568749905098
535,2018-07-31,2019-07-31,2019-08-01,2019-08-30,252,22,0,1,0,n,"ARIMA(0,1,0)",-1614.7318850401916,-1611.2064321010598,1.3518804170016665
536,2018-08-30,2019-08-30,2019-09-03,2019-09-30,252,20,0,1,0,n,"ARIMA(0,1,0)",-1576.0110262441044,-1572.4855733049726,1.1604406249825843
537,2018-09-28,2019-09-30,2019-10-01,2019-10-31,252,23,0,1,0,n,"ARIMA(0,1,0)",-1572.611126990713,-1569.0856740515812,1.4744684579782188
538,2018-10-31,2019-10-31,2019-11-01,2019-11-29,252,20,0,1,0,n,"ARIMA(0,1,0)",-1602.631714978243,-1599.1062620391112,1.2293355419824366
539,2018-11-29,2019-11-29,2019-12-02,2019-12-31,252,21,0,1,0,n,"ARIMA(0,1,0)",-1629.0717579662482,-1625.5463050271164,1.4900532079918776
540,2019-01-02,2019-12-31,2020-01-02,2020-01-31,252,21,1,1,0,t,"ARIMA(1,1,0)+drift",-1716.067054330234,-1705.4906955128386,2.1431531669804826
541,2019-02-01,2020-01-31,2020-02-03,2020-02-28,252,19,0,1,0,t,"ARIMA(0,1,0)+drift",-1745.3681585588963,-1738.3172526806327,1.2231432500120718
542,2019-03-01,2020-02-28,2020-03-02,2020-03-31,252,22,0,1,0,n,"ARIMA(0,1,0)",-1676.9105122399797,-1673.3850593008478,1.5264186669955961
543,2019-04-02,2020-03-31,2020-04-01,2020-04-30,252,21,3,1,1,n,"ARIMA(3,1,1)",-1357.7766907700175,-1340.1494260743586,3.0915432500187308
544,2019-05-02,2020-04-30,2020-05-01,2020-05-29,252,20,3,1,1,n,"ARIMA(3,1,1)",-1316.9597681642856,-1299.3325034686268,2.422270874987589
545,2019-05-31,2020-05-29,2020-06-01,2020-06-30,252,22,3,1,1,n,"ARIMA(3,1,1)",-1305.7689037711666,-1288.1416390755078,2.3275774589856155
546,2019-07-02,2020-06-30,2020-07-01,2020-07-31,252,22,3,1,2,n,"ARIMA(3,1,2)",-1285.524223450985,-1264.3715058161943,3.1656481250247452
547,2019-08-02,2020-07-31,2020-08-03,2020-08-31,252,21,3,1,2,n,"ARIMA(3,1,2)",-1280.8132196984047,-1259.660502063614,2.7086210419947747
548,2019-09-03,2020-08-31,2020-09-01,2020-09-30,252,21,3,1,1,n,"ARIMA(3,1,1)",-1289.229202941715,-1271.601938246056,2.5450606249796692
549,2019-10-02,2020-09-30,2020-10-01,2020-10-30,252,22,3,1,1,n,"ARIMA(3,1,1)",-1279.793756153158,-1262.1664914574992,2.6582475829927716
550,2019-11-01,2020-10-30,2020-11-02,2020-11-30,252,20,3,1,1,n,"ARIMA(3,1,1)",-1276.1146288146047,-1258.4873641189458,3.088793250004528
551,2019-12-02,2020-11-30,2020-12-01,2020-12-31,252,22,3,1,1,n,"ARIMA(3,1,1)",-1270.0785538247505,-1252.4512891290917,2.562455333012622
552,2020-01-03,2020-12-31,2021-01-04,2021-01-29,252,19,3,1,1,n,"ARIMA(3,1,1)",-1270.0404658495327,-1252.4132011538738,2.4967017919989303
553,2020-01-31,2021-01-29,2021-02-01,2021-02-26,252,19,3,1,1,n,"ARIMA(3,1,1)",-1267.4605842424535,-1249.8333195467947,2.912699667009292
554,2020-02-28,2021-02-26,2021-03-01,2021-03-31,252,23,3,1,1,n,"ARIMA(3,1,1)",-1280.3721810347113,-1262.7449163390525,2.6843313749996014
555,2020-04-01,2021-03-31,2021-04-01,2021-04-30,252,21,0,1,2,t,"ARIMA(0,1,2)+drift",-1467.3845453685403,-1453.282733612013,2.051943250000477
556,2020-05-01,2021-04-30,2021-05-03,2021-05-28,252,20,3,1,3,t,"ARIMA(3,1,3)+drift",-1546.767155312723,-1518.5635317996687,1.940958832972683
557,2020-06-01,2021-05-28,2021-06-01,2021-06-30,252,22,3,1,3,t,"ARIMA(3,1,3)+drift",-1561.119333518136,-1532.9157100050818,2.4078825830074493
558,2020-07-01,2021-06-30,2021-07-01,2021-07-30,252,21,2,1,0,t,"ARIMA(2,1,0)+drift",-1620.41510221078,-1606.3132904542529,1.3837180419941433
559,2020-07-31,2021-07-30,2021-08-02,2021-08-31,252,22,1,1,0,t,"ARIMA(1,1,0)+drift",-1623.182387942596,-1612.6060291252006,1.1917719999910332
560,2020-09-01,2021-08-31,2021-09-01,2021-09-30,252,21,1,1,0,t,"ARIMA(1,1,0)+drift",-1624.128514031904,-1613.5521552145085,2.0439009580004495
561,2020-10-01,2021-09-30,2021-10-01,2021-10-29,252,21,0,1,0,t,"ARIMA(0,1,0)+drift",-1666.3418684622193,-1659.2909625839557,1.9994217499915976
562,2020-10-30,2021-10-29,2021-11-01,2021-11-30,252,21,0,1,0,t,"ARIMA(0,1,0)+drift",-1705.9999886156322,-1698.9490827373686,2.226957709004637
563,2020-12-01,2021-11-30,2021-12-01,2021-12-31,252,22,0,1,3,t,"ARIMA(0,1,3)+drift",-1724.0426232421046,-1706.4153585464458,1.4144479169917759
564,2021-01-04,2021-12-31,2022-01-03,2022-01-31,252,20,1,1,1,t,"ARIMA(1,1,1)+drift",-1700.5726649866865,-1686.4708532301593,1.7083644999947865
565,2021-02-02,2022-01-31,2022-02-01,2022-02-28,252,19,0,1,0,n,"ARIMA(0,1,0)",-1686.8750606832127,-1683.349607744081,1.3819017089845147
566,2021-03-02,2022-02-28,2022-03-01,2022-03-31,252,23,0,1,0,n,"ARIMA(0,1,0)",-1659.609591070194,-1656.0841381310622,1.6194703750079498
567,2021-04-05,2022-03-31,2022-04-01,2022-04-29,252,20,0,1,0,n,"ARIMA(0,1,0)",-1628.843286672579,-1625.3178337334473,1.4520680409914348
568,2021-05-03,2022-04-29,2022-05-02,2022-05-31,252,21,0,1,0,n,"ARIMA(0,1,0)",-1584.3468443416182,-1580.8213914024864,1.3571850419975817
569,2021-06-02,2022-05-31,2022-06-01,2022-06-30,252,21,0,1,0,n,"ARIMA(0,1,0)",-1530.400222311528,-1526.8747693723963,2.025909792020684
570,2021-07-01,2022-06-30,2022-07-01,2022-07-29,252,20,0,1,0,n,"ARIMA(0,1,0)",-1483.927021609348,-1480.4015686702162,1.4998029999842402
571,2021-07-30,2022-07-29,2022-08-01,2022-08-31,252,23,0,1,0,n,"ARIMA(0,1,0)",-1471.258759481088,-1467.7333065419562,1.1427643749921117
572,2021-09-01,2022-08-31,2022-09-01,2022-09-30,252,21,0,1,0,n,"ARIMA(0,1,0)",-1455.0027391274384,-1451.4772861883066,1.2622921250003856
573,2021-10-01,2022-09-30,2022-10-03,2022-10-31,252,21,0,1,0,n,"ARIMA(0,1,0)",-1435.9547016942242,-1432.4292487550924,1.38537620898569
574,2021-11-01,2022-10-31,2022-11-01,2022-11-30,252,21,0,1,0,n,"ARIMA(0,1,0)",-1409.0158054673107,-1405.4903525281788,1.3689282920095138
575,2021-12-01,2022-11-30,2022-12-01,2022-12-30,252,21,0,1,0,n,"ARIMA(0,1,0)",-1387.7840984842721,-1384.2586455451403,1.5400546250166371
576,2021-12-31,2022-12-30,2023-01-03,2023-01-31,252,20,0,1,0,n,"ARIMA(0,1,0)",-1386.2068230624504,-1382.6813701233186,1.808919999981299
577,2022-01-31,2023-01-31,2023-02-01,2023-02-28,252,19,0,1,0,n,"ARIMA(0,1,0)",-1388.4531741713236,-1384.9277212321917,1.093390833993908
578,2022-02-28,2023-02-28,2023-03-01,2023-03-31,252,23,0,1,0,n,"ARIMA(0,1,0)",-1397.0828016740074,-1393.5573487348756,1.3540892919991165
579,2022-03-31,2023-03-31,2023-04-03,2023-04-28,252,19,0,1,0,n,"ARIMA(0,1,0)",-1405.5383591686773,-1402.0129062295455,1.086341167014325
580,2022-04-28,2023-04-28,2023-05-01,2023-05-31,252,22,0,1,0,n,"ARIMA(0,1,0)",-1418.0563717391212,-1414.5309187999894,1.7671879999979865
581,2022-05-31,2023-05-31,2023-06-01,2023-06-30,252,21,0,1,0,n,"ARIMA(0,1,0)",-1459.6899656296023,-1456.1645126904705,1.5421274999971502
582,2022-06-30,2023-06-30,2023-07-03,2023-07-31,252,20,0,1,0,n,"ARIMA(0,1,0)",-1498.2983900077493,-1494.7729370686175,1.0350659579853527
583,2022-07-29,2023-07-31,2023-08-01,2023-08-31,252,23,0,1,0,n,"ARIMA(0,1,0)",-1516.4687875343664,-1512.9433345952345,1.306328249978833
584,2022-08-31,2023-08-31,2023-09-01,2023-09-29,252,20,0,1,2,n,"ARIMA(0,1,2)",-1531.7826080107588,-1521.2062491933634,1.7261690419982187
585,2022-09-29,2023-09-29,2023-10-02,2023-10-31,252,22,0,1,2,n,"ARIMA(0,1,2)",-1562.660348934619,-1552.0839901172235,1.3997841250093188
586,2022-10-31,2023-10-31,2023-11-01,2023-11-30,252,21,2,1,2,n,"ARIMA(2,1,2)",-1610.4510568715577,-1592.823792175899,1.3608860000094865
587,2022-11-30,2023-11-30,2023-12-01,2023-12-29,252,20,0,1,0,n,"ARIMA(0,1,0)",-1667.035641746648,-1663.5101888075162,0.6873037920158822
588,2022-12-29,2023-12-29,2024-01-02,2024-01-31,252,21,0,1,0,t,"ARIMA(0,1,0)+drift",-1694.4297431307205,-1687.3788372524568,1.1754662500170525
589,2023-01-31,2024-01-31,2024-02-01,2024-02-29,252,20,0,1,0,n,"ARIMA(0,1,0)",-1713.4879322947613,-1709.9624793556295,0.9796531669853721
590,2023-03-01,2024-02-29,2024-03-01,2024-03-28,252,20,0,1,0,t,"ARIMA(0,1,0)+drift",-1724.2636018658695,-1717.212695987606,0.7121026249951683
591,2023-03-29,2024-03-28,2024-04-01,2024-04-30,252,22,2,1,0,t,"ARIMA(2,1,0)+drift",-1758.2640204451368,-1744.1622086886096,0.7528252080082893
592,2023-05-01,2024-04-30,2024-05-01,2024-05-31,252,22,0,1,0,t,"ARIMA(0,1,0)+drift",-1749.3068344989015,-1742.2559286206379,1.5567643330141436
593,2023-06-01,2024-05-31,2024-06-03,2024-06-28,252,19,0,1,0,t,"ARIMA(0,1,0)+drift",-1762.404210165214,-1755.3533042869503,1.5829237909929361
594,2023-06-29,2024-06-28,2024-07-01,2024-07-31,252,22,0,1,0,t,"ARIMA(0,1,0)+drift",-1772.2086110137388,-1765.1577051354752,1.0076874170044903
595,2023-08-01,2024-07-31,2024-08-01,2024-08-30,252,22,0,1,0,t,"ARIMA(0,1,0)+drift",-1750.6788782089811,-1743.6279723307175,0.9387602499919012
596,2023-08-31,2024-08-30,2024-09-03,2024-09-30,252,20,0,1,0,t,"ARIMA(0,1,0)+drift",-1719.270224023695,-1712.2193181454313,1.414358958019875
597,2023-09-29,2024-09-30,2024-10-01,2024-10-31,252,23,0,1,0,t,"ARIMA(0,1,0)+drift",-1714.498009670719,-1707.4471037924554,0.6419692499912344
598,2023-11-01,2024-10-31,2024-11-01,2024-11-29,252,20,0,1,0,t,"ARIMA(0,1,0)+drift",-1726.4976329273645,-1719.446727049101,1.6443777079985011
599,2023-11-30,2024-11-29,2024-12-02,2024-12-31,252,21,0,1,0,t,"ARIMA(0,1,0)+drift",-1725.1709664915418,-1718.1200606132782,0.6534972910012584
